-- MySQL dump 10.13  Distrib 8.0.20, for Win64 (x86_64)
--
-- Host: localhost    Database: kabeca
-- ------------------------------------------------------
-- Server version	8.0.20

/*!40101 SET @OLD_CHARACTER_SET_CLIENT=@@CHARACTER_SET_CLIENT */;
/*!40101 SET @OLD_CHARACTER_SET_RESULTS=@@CHARACTER_SET_RESULTS */;
/*!40101 SET @OLD_COLLATION_CONNECTION=@@COLLATION_CONNECTION */;
/*!50503 SET NAMES utf8 */;
/*!40103 SET @OLD_TIME_ZONE=@@TIME_ZONE */;
/*!40103 SET TIME_ZONE='+00:00' */;
/*!40014 SET @OLD_UNIQUE_CHECKS=@@UNIQUE_CHECKS, UNIQUE_CHECKS=0 */;
/*!40014 SET @OLD_FOREIGN_KEY_CHECKS=@@FOREIGN_KEY_CHECKS, FOREIGN_KEY_CHECKS=0 */;
/*!40101 SET @OLD_SQL_MODE=@@SQL_MODE, SQL_MODE='NO_AUTO_VALUE_ON_ZERO' */;
/*!40111 SET @OLD_SQL_NOTES=@@SQL_NOTES, SQL_NOTES=0 */;

--
-- Table structure for table `aaccesorio`
--

DROP TABLE IF EXISTS `aaccesorio`;
/*!40101 SET @saved_cs_client     = @@character_set_client */;
/*!50503 SET character_set_client = utf8mb4 */;
CREATE TABLE `aaccesorio` (
  `id_aaccesorio` int NOT NULL AUTO_INCREMENT,
  `id_accesorio` int NOT NULL,
  `id_asignacion` int NOT NULL,
  PRIMARY KEY (`id_aaccesorio`),
  UNIQUE KEY `id_aaccesorio_UNIQUE` (`id_aaccesorio`),
  KEY `fk_AAccesorio_Asignacion1_idx` (`id_asignacion`),
  KEY `id_accesorio_acc_idx` (`id_accesorio`),
  CONSTRAINT `id_accesorio_acc` FOREIGN KEY (`id_accesorio`) REFERENCES `accesorio` (`id_accesorio`),
  CONSTRAINT `id_asignacion_AA` FOREIGN KEY (`id_asignacion`) REFERENCES `asignacion` (`id_asignacion`)
) ENGINE=InnoDB DEFAULT CHARSET=utf8;
/*!40101 SET character_set_client = @saved_cs_client */;

--
-- Dumping data for table `aaccesorio`
--

LOCK TABLES `aaccesorio` WRITE;
/*!40000 ALTER TABLE `aaccesorio` DISABLE KEYS */;
/*!40000 ALTER TABLE `aaccesorio` ENABLE KEYS */;
UNLOCK TABLES;

--
-- Table structure for table `accesorio`
--

DROP TABLE IF EXISTS `accesorio`;
/*!40101 SET @saved_cs_client     = @@character_set_client */;
/*!50503 SET character_set_client = utf8mb4 */;
CREATE TABLE `accesorio` (
  `id_accesorio` int NOT NULL AUTO_INCREMENT,
  `nombre_accesorio` varchar(45) NOT NULL,
  `marca` varchar(45) NOT NULL,
  `modelo` varchar(45) NOT NULL,
  `producto` varchar(45) NOT NULL,
  `hecho_en` varchar(45) NOT NULL,
  `serie` varchar(23) NOT NULL,
  `id_estatus` int NOT NULL,
  `id_equipo` int DEFAULT NULL,
  `costo` float DEFAULT NULL,
  PRIMARY KEY (`id_accesorio`),
  UNIQUE KEY `id_accesorio_UNIQUE` (`id_accesorio`),
  KEY `fk_Accesorio_EstatusRecurso1_idx` (`id_estatus`),
  CONSTRAINT `id_estatus` FOREIGN KEY (`id_estatus`) REFERENCES `estatusrecurso` (`id_estatus`) ON DELETE CASCADE ON UPDATE CASCADE
) ENGINE=InnoDB AUTO_INCREMENT=9 DEFAULT CHARSET=utf8;
/*!40101 SET character_set_client = @saved_cs_client */;

--
-- Dumping data for table `accesorio`
--

LOCK TABLES `accesorio` WRITE;
/*!40000 ALTER TABLE `accesorio` DISABLE KEYS */;
INSERT INTO `accesorio` VALUES (1,'test1','test2','modeloFormasdasdsdsasdasd','productoForm','hechoEnForm','serieForm',2,NULL,120),(2,'mouse','lenovo','SM-8823','mouse','China','1234567',2,NULL,150),(3,'mouse','acer','SM-1234','mouse','China','asdasdas',2,NULL,250),(4,'prueba id_equipo','asdd','asdas','asda','asdasd','asdasd',2,NULL,10),(5,'ELIMINADOR DE CORRIENTE','yuiy','IOUIO','iuiou','uiouio','oiuioom',1,201,0),(6,'ELIMINADOR DE CORRIENTE','sdasd','asdasd','asdas','asdad','sdasd',1,203,0),(7,'test costo','hp','qasw1234','mouse','china','4321wsaq',2,NULL,80),(8,'Accesorio8','Li-ion','AA-PB9NC6B','Bateria','Korea','ASD123',2,NULL,650);
/*!40000 ALTER TABLE `accesorio` ENABLE KEYS */;
UNLOCK TABLES;

--
-- Table structure for table `accesorion`
--

DROP TABLE IF EXISTS `accesorion`;
/*!40101 SET @saved_cs_client     = @@character_set_client */;
/*!50503 SET character_set_client = utf8mb4 */;
CREATE TABLE `accesorion` (
  `asignacionAccesorios_id_asignacion` int NOT NULL,
  `accesorio_id_accesorio` int NOT NULL,
  PRIMARY KEY (`asignacionAccesorios_id_asignacion`,`accesorio_id_accesorio`),
  KEY `fk_accesorioN_asignacionAccesorios1_idx` (`asignacionAccesorios_id_asignacion`),
  KEY `fk_accesorioN_accesorio1_idx` (`accesorio_id_accesorio`),
  CONSTRAINT `fk_accesorioN_accesorio1` FOREIGN KEY (`accesorio_id_accesorio`) REFERENCES `accesorio` (`id_accesorio`),
  CONSTRAINT `fk_accesorioN_asignacionAccesorios1` FOREIGN KEY (`asignacionAccesorios_id_asignacion`) REFERENCES `asignacionaccesorios` (`id_asignacion`)
) ENGINE=InnoDB DEFAULT CHARSET=utf8;
/*!40101 SET character_set_client = @saved_cs_client */;

--
-- Dumping data for table `accesorion`
--

LOCK TABLES `accesorion` WRITE;
/*!40000 ALTER TABLE `accesorion` DISABLE KEYS */;
/*!40000 ALTER TABLE `accesorion` ENABLE KEYS */;
UNLOCK TABLES;

--
-- Table structure for table `asignacion`
--

DROP TABLE IF EXISTS `asignacion`;
/*!40101 SET @saved_cs_client     = @@character_set_client */;
/*!50503 SET character_set_client = utf8mb4 */;
CREATE TABLE `asignacion` (
  `id_asignacion` int NOT NULL AUTO_INCREMENT,
  `nombre_consultor` varchar(50) NOT NULL,
  `fecha_asignacion` date NOT NULL,
  `costo` varchar(9) DEFAULT NULL,
  `letra` varchar(50) DEFAULT NULL,
  `id_dequipo` int NOT NULL,
  `id_estatus` int NOT NULL,
  `usuario` varchar(45) NOT NULL,
  PRIMARY KEY (`id_asignacion`),
  UNIQUE KEY `id_asignacion_UNIQUE` (`id_asignacion`),
  KEY `fk_Asignacion_DEquipo1_idx` (`id_dequipo`),
  KEY `fk_Asignacion_EstatusRecurso1_idx` (`id_estatus`),
  CONSTRAINT `id_dequipo` FOREIGN KEY (`id_dequipo`) REFERENCES `dequipo` (`id_dequipo`) ON DELETE CASCADE ON UPDATE CASCADE,
  CONSTRAINT `id_estatusrecurso` FOREIGN KEY (`id_estatus`) REFERENCES `estatusrecurso` (`id_estatus`) ON DELETE CASCADE ON UPDATE CASCADE
) ENGINE=InnoDB AUTO_INCREMENT=18 DEFAULT CHARSET=utf8;
/*!40101 SET character_set_client = @saved_cs_client */;

--
-- Dumping data for table `asignacion`
--

LOCK TABLES `asignacion` WRITE;
/*!40000 ALTER TABLE `asignacion` DISABLE KEYS */;
/*!40000 ALTER TABLE `asignacion` ENABLE KEYS */;
UNLOCK TABLES;

--
-- Table structure for table `asignacionaccesorios`
--

DROP TABLE IF EXISTS `asignacionaccesorios`;
/*!40101 SET @saved_cs_client     = @@character_set_client */;
/*!50503 SET character_set_client = utf8mb4 */;
CREATE TABLE `asignacionaccesorios` (
  `id_asignacion` int NOT NULL AUTO_INCREMENT,
  `nombre_consultor` varchar(50) NOT NULL,
  `fecha_asignacion` date NOT NULL,
  `costo` varchar(9) DEFAULT NULL,
  `letra` varchar(50) DEFAULT NULL,
  `id_estatus` int NOT NULL,
  `usuario` varchar(45) NOT NULL,
  PRIMARY KEY (`id_asignacion`),
  UNIQUE KEY `id_asignacion_UNIQUE` (`id_asignacion`),
  KEY `fk_Asignacion_EstatusRecurso1_idx` (`id_estatus`),
  CONSTRAINT `id_estatusrecurso0` FOREIGN KEY (`id_estatus`) REFERENCES `estatusrecurso` (`id_estatus`) ON DELETE CASCADE ON UPDATE CASCADE
) ENGINE=InnoDB AUTO_INCREMENT=1 DEFAULT CHARSET=utf8;
/*!40101 SET character_set_client = @saved_cs_client */;

--
-- Dumping data for table `asignacionaccesorios`
--

LOCK TABLES `asignacionaccesorios` WRITE;
/*!40000 ALTER TABLE `asignacionaccesorios` DISABLE KEYS */;
/*!40000 ALTER TABLE `asignacionaccesorios` ENABLE KEYS */;
UNLOCK TABLES;

--
-- Table structure for table `dequipo`
--

DROP TABLE IF EXISTS `dequipo`;
/*!40101 SET @saved_cs_client     = @@character_set_client */;
/*!50503 SET character_set_client = utf8mb4 */;
CREATE TABLE `dequipo` (
  `id_dequipo` int NOT NULL AUTO_INCREMENT,
  `fecha_actualizacion_estatus` timestamp NOT NULL,
  `disco_duro_solido` varchar(45) DEFAULT NULL,
  `comentarios` varchar(255) DEFAULT NULL,
  `id_estatus` int NOT NULL,
  `id_equipo` int NOT NULL,
  PRIMARY KEY (`id_dequipo`),
  UNIQUE KEY `id_dequipo_UNIQUE` (`id_dequipo`),
  KEY `fk_DEquipo_EstatusRecurso1_idx` (`id_estatus`),
  KEY `fk_dequipo_mequipo1_idx` (`id_equipo`),
  CONSTRAINT `id_equipo` FOREIGN KEY (`id_equipo`) REFERENCES `mequipo` (`id_equipo`),
  CONSTRAINT `id_estatus_DE` FOREIGN KEY (`id_estatus`) REFERENCES `estatusrecurso` (`id_estatus`) ON DELETE CASCADE ON UPDATE CASCADE
) ENGINE=InnoDB AUTO_INCREMENT=206 DEFAULT CHARSET=utf8;
/*!40101 SET character_set_client = @saved_cs_client */;

--
-- Dumping data for table `dequipo`
--

LOCK TABLES `dequipo` WRITE;
/*!40000 ALTER TABLE `dequipo` DISABLE KEYS */;
INSERT INTO `dequipo` VALUES (1,'2020-09-08 10:00:00','0',NULL,2,1),(2,'2020-09-30 04:33:59','0',NULL,2,2),(3,'2020-09-08 10:00:00','0','',2,3),(4,'2020-09-08 10:00:00','0','',2,4),(5,'2020-09-08 10:00:00','0','',2,5),(6,'2020-09-08 10:00:00','0','',2,6),(7,'2020-09-08 10:00:00','0','',2,7),(8,'2020-09-08 10:00:00','0','',2,8),(9,'2020-09-08 10:00:00','0','',2,9),(10,'2020-09-08 10:00:00','0','',2,10),(11,'2020-09-08 10:00:00','0','',2,11),(12,'2020-09-08 10:00:00','0','',2,12),(13,'2020-09-08 10:00:00','0','',2,13),(14,'2020-09-08 10:00:00','0','',2,14),(15,'2020-09-08 10:00:00','0','',2,15),(16,'2020-09-08 10:00:00','0','',2,16),(17,'2020-09-08 10:00:00','0','',2,17),(18,'2020-09-08 10:00:00','0','',2,18),(19,'2020-09-08 10:00:00','0','',2,19),(20,'2020-09-08 10:00:00','0','',2,20),(21,'2020-09-08 10:00:00','0','',2,21),(22,'2020-09-08 10:00:00','0','',2,22),(23,'2020-09-08 10:00:00','0','',2,23),(24,'2020-09-08 10:00:00','0','',2,24),(25,'2020-09-08 10:00:00','0','',2,25),(26,'2020-09-08 10:00:00','0','',2,26),(27,'2020-09-08 10:00:00','0','',2,27),(28,'2020-09-08 10:00:00','0','',2,28),(29,'2020-09-08 10:00:00','0','',2,29),(30,'2020-09-08 10:00:00','0','',2,30),(31,'2020-09-08 10:00:00','0','',2,31),(32,'2020-09-08 10:00:00','0','',2,32),(33,'2020-09-08 10:00:00','0','',2,33),(34,'2020-09-08 10:00:00','0','',2,34),(35,'2020-09-08 10:00:00','0','',2,35),(36,'2020-09-08 10:00:00','0','',2,36),(37,'2020-09-08 10:00:00','0','',2,37),(38,'2020-09-08 10:00:00','0','',2,38),(39,'2020-09-08 10:00:00','0','',2,39),(40,'2020-09-08 10:00:00','0','',2,40),(41,'2020-09-08 10:00:00','0','',2,41),(42,'2020-09-08 10:00:00','0','',2,42),(43,'2020-09-08 10:00:00','0','',2,43),(44,'2020-09-08 10:00:00','0','',2,44),(45,'2020-09-08 10:00:00','0','',2,45),(46,'2020-09-08 10:00:00','0','',2,46),(47,'2020-09-08 10:00:00','0','',2,47),(48,'2020-09-08 10:00:00','0','',2,48),(49,'2020-09-08 10:00:00','0','',2,49),(50,'2020-09-08 10:00:00','0','',2,50),(51,'2020-09-08 10:00:00','0','',2,51),(52,'2020-09-08 10:00:00','0','',2,52),(53,'2020-09-08 10:00:00','0','',2,53),(54,'2020-09-08 10:00:00','0','',2,54),(55,'2020-09-08 10:00:00','0','',2,55),(56,'2020-09-08 10:00:00','0','',2,56),(57,'2020-09-08 10:00:00','0','',2,57),(58,'2020-09-08 10:00:00','0','',2,58),(59,'2020-09-08 10:00:00','0','',2,59),(60,'2020-09-08 10:00:00','0','',2,60),(61,'2020-09-08 10:00:00','0','',2,61),(62,'2020-09-08 10:00:00','0','',2,62),(63,'2020-09-08 10:00:00','0','',2,63),(64,'2020-09-08 10:00:00','0','',2,64),(65,'2020-09-08 10:00:00','0','',2,65),(66,'2020-09-08 10:00:00','0','',2,66),(67,'2020-09-08 10:00:00','0','',2,67),(68,'2020-09-08 10:00:00','0','',2,68),(69,'2020-09-08 10:00:00','0','',2,69),(70,'2020-09-08 10:00:00','0','',2,70),(71,'2020-09-08 10:00:00','0','',2,71),(72,'2020-09-08 10:00:00','0','',2,72),(73,'2020-09-08 10:00:00','0','',2,73),(74,'2020-09-08 10:00:00','0','',2,74),(75,'2020-09-08 10:00:00','0','',2,75),(76,'2020-09-08 10:00:00','0','',2,76),(77,'2020-09-08 10:00:00','0','',2,77),(78,'2020-09-08 10:00:00','0','',2,78),(79,'2020-09-08 10:00:00','0','',2,79),(80,'2020-09-08 10:00:00','0','',2,80),(81,'2020-09-08 10:00:00','0','',2,81),(82,'2020-09-08 10:00:00','0','',2,82),(83,'2020-09-08 10:00:00','0','',2,83),(84,'2020-09-08 10:00:00','0','',2,84),(85,'2020-09-08 10:00:00','0','',2,85),(86,'2020-09-08 10:00:00','0','',2,86),(87,'2020-09-08 10:00:00','0','',2,87),(88,'2020-09-08 10:00:00','0','',2,88),(89,'2020-09-08 10:00:00','0','',2,89),(90,'2020-09-08 10:00:00','0','',2,90),(91,'2020-09-08 10:00:00','0','',2,91),(92,'2020-09-08 10:00:00','0','',2,92),(93,'2020-09-08 10:00:00','0','',2,93),(94,'2020-09-08 10:00:00','0','',2,94),(95,'2020-09-08 10:00:00','0','',2,95),(96,'2020-09-08 10:00:00','0','',2,96),(97,'2020-09-08 10:00:00','0','',2,97),(98,'2020-09-08 10:00:00','0','',2,98),(99,'2020-09-08 10:00:00','0','',2,99),(100,'2020-09-08 10:00:00','0','',2,100),(101,'2020-09-08 10:00:00','0','',2,101),(102,'2020-09-08 10:00:00','0','',2,102),(103,'2020-09-08 10:00:00','0','',2,103),(104,'2020-09-08 10:00:00','0','',2,104),(105,'2020-09-08 10:00:00','0','',2,105),(106,'2020-09-08 10:00:00','0','',2,106),(107,'2020-09-08 10:00:00','0','',2,107),(108,'2020-09-08 10:00:00','0','',2,108),(109,'2020-09-08 10:00:00','0','',2,109),(110,'2020-09-08 10:00:00','0','',2,110),(111,'2020-09-08 10:00:00','0','',2,111),(112,'2020-09-08 10:00:00','0','',2,112),(113,'2020-09-08 10:00:00','0','',2,113),(114,'2020-09-08 10:00:00','0','',2,114),(115,'2020-09-08 10:00:00','0','',2,115),(116,'2020-09-08 10:00:00','0','',2,116),(117,'2020-09-08 10:00:00','0','',2,117),(118,'2020-09-08 10:00:00','0','',2,118),(119,'2020-09-08 10:00:00','0','',2,119),(120,'2020-09-08 10:00:00','0','',2,120),(121,'2020-09-08 10:00:00','0','',2,121),(122,'2020-09-08 10:00:00','0','',2,122),(123,'2020-09-08 10:00:00','0','',2,123),(124,'2020-09-08 10:00:00','0','',2,124),(125,'2020-09-08 10:00:00','0','',2,125),(126,'2020-09-08 10:00:00','0','',2,126),(127,'2020-09-08 10:00:00','0','',2,127),(128,'2020-09-08 10:00:00','0','',2,128),(129,'2020-09-08 10:00:00','0','',2,129),(130,'2020-09-08 10:00:00','0','',2,130),(131,'2020-09-08 10:00:00','0','',2,131),(132,'2020-09-08 10:00:00','0','',2,132),(133,'2020-09-08 10:00:00','0','',2,133),(134,'2020-09-08 10:00:00','0','',2,134),(135,'2020-09-08 10:00:00','0','',2,135),(136,'2020-09-08 10:00:00','0','',2,136),(137,'2020-09-08 10:00:00','0','',2,137),(138,'2020-09-08 10:00:00','0','',2,138),(139,'2020-09-08 10:00:00','0','',2,139),(140,'2020-09-08 10:00:00','0','',2,140),(141,'2020-09-08 10:00:00','0','',2,141),(142,'2020-09-08 10:00:00','0','',2,142),(143,'2020-09-08 10:00:00','0','',2,143),(144,'2020-09-08 10:00:00','0','',2,144),(145,'2020-09-08 10:00:00','0','',2,145),(146,'2020-09-08 10:00:00','0','',2,146),(147,'2020-09-08 10:00:00','0','',2,147),(148,'2020-09-08 10:00:00','0','',2,148),(149,'2020-09-08 10:00:00','0','',2,149),(150,'2020-09-08 10:00:00','0','',2,150),(151,'2020-09-08 10:00:00','0','',2,151),(152,'2020-09-08 10:00:00','0','',2,152),(153,'2020-09-08 10:00:00','0','',2,153),(154,'2020-09-08 10:00:00','0','',2,154),(155,'2020-09-08 10:00:00','0','',2,155),(156,'2020-09-08 10:00:00','0','',2,156),(157,'2020-09-08 10:00:00','0','',2,157),(158,'2020-09-08 10:00:00','0','',2,158),(159,'2020-09-08 10:00:00','0','',2,159),(160,'2020-09-08 10:00:00','0','',2,160),(161,'2020-09-08 10:00:00','0','',2,161),(162,'2020-09-08 10:00:00','0','',2,162),(163,'2020-09-08 10:00:00','0','',2,163),(164,'2020-09-08 10:00:00','0','',2,164),(165,'2020-09-08 10:00:00','0','',2,165),(166,'2020-09-08 10:00:00','0','',2,166),(167,'2020-09-08 10:00:00','0','',2,167),(168,'2020-09-08 10:00:00','0','',2,168),(169,'2020-09-08 10:00:00','0','',2,169),(170,'2020-09-08 10:00:00','0','',2,170),(171,'2020-09-08 10:00:00','0','',2,171),(172,'2020-09-08 10:00:00','0','',2,172),(173,'2020-09-08 10:00:00','0','',2,173),(174,'2020-09-08 10:00:00','0','',2,174),(175,'2020-09-08 10:00:00','0','',2,175),(176,'2020-09-08 10:00:00','0','',2,176),(177,'2020-09-08 10:00:00','0','',2,177),(178,'2020-09-08 10:00:00','0','',2,178),(179,'2020-09-08 10:00:00','0','',2,179),(180,'2020-09-08 10:00:00','0','',2,180),(181,'2020-09-08 10:00:00','0','',2,181),(182,'2020-09-08 10:00:00','0','',2,182),(183,'2020-09-08 10:00:00','0','',2,183),(184,'2020-09-08 10:00:00','0','',2,184),(185,'2020-09-08 10:00:00','0','',2,185),(186,'2020-09-08 10:00:00','0','',2,186),(187,'2020-09-08 10:00:00','0','',2,187),(188,'2020-09-08 10:00:00','0','',2,188),(189,'2020-09-08 10:00:00','0','',2,189),(190,'2020-09-08 10:00:00','0','',2,190),(191,'2020-09-08 10:00:00','0','',2,191),(192,'2020-09-08 10:00:00','0','',2,192),(193,'2020-09-08 10:00:00','0','n/a',2,193),(194,'2020-09-08 10:00:00','0','n/a',2,194),(195,'2020-09-11 01:55:11','0',NULL,2,195),(196,'2020-09-11 02:20:11','0',NULL,2,196),(197,'2020-09-19 04:19:31','0',NULL,2,197),(198,'2020-09-19 04:25:12','0',NULL,2,198),(199,'2020-09-19 14:27:22','0',NULL,2,199),(200,'2020-09-19 14:32:19','0',NULL,2,200),(201,'2020-09-19 14:34:48','0',NULL,2,201),(202,'2020-09-19 14:36:45','0',NULL,2,202),(203,'2020-09-22 13:49:49','0',NULL,2,203),(204,'2020-09-22 14:17:13','0',NULL,2,204),(205,'2020-09-22 14:21:00','0',NULL,2,205);
/*!40000 ALTER TABLE `dequipo` ENABLE KEYS */;
UNLOCK TABLES;

--
-- Table structure for table `equiposoftware`
--

DROP TABLE IF EXISTS `equiposoftware`;
/*!40101 SET @saved_cs_client     = @@character_set_client */;
/*!50503 SET character_set_client = utf8mb4 */;
CREATE TABLE `equiposoftware` (
  `mequipo_id_equipo` int NOT NULL,
  `software_id_software` int NOT NULL,
  PRIMARY KEY (`mequipo_id_equipo`,`software_id_software`),
  KEY `fk_EquipoSoftware_mequipo1_idx` (`mequipo_id_equipo`),
  KEY `fk_EquipoSoftware_software1_idx` (`software_id_software`),
  CONSTRAINT `fk_EquipoSoftware_mequipo1` FOREIGN KEY (`mequipo_id_equipo`) REFERENCES `mequipo` (`id_equipo`),
  CONSTRAINT `fk_EquipoSoftware_software1` FOREIGN KEY (`software_id_software`) REFERENCES `software` (`id_software`)
) ENGINE=InnoDB DEFAULT CHARSET=utf8mb4 COLLATE=utf8mb4_0900_ai_ci;
/*!40101 SET character_set_client = @saved_cs_client */;

--
-- Dumping data for table `equiposoftware`
--

LOCK TABLES `equiposoftware` WRITE;
/*!40000 ALTER TABLE `equiposoftware` DISABLE KEYS */;
/*!40000 ALTER TABLE `equiposoftware` ENABLE KEYS */;
UNLOCK TABLES;

--
-- Table structure for table `estatusrecurso`
--

DROP TABLE IF EXISTS `estatusrecurso`;
/*!40101 SET @saved_cs_client     = @@character_set_client */;
/*!50503 SET character_set_client = utf8mb4 */;
CREATE TABLE `estatusrecurso` (
  `id_estatus` int NOT NULL AUTO_INCREMENT,
  `nombre_estatus` varchar(45) NOT NULL,
  PRIMARY KEY (`id_estatus`),
  UNIQUE KEY `id_estatus_UNIQUE` (`id_estatus`)
) ENGINE=InnoDB AUTO_INCREMENT=7 DEFAULT CHARSET=utf8;
/*!40101 SET character_set_client = @saved_cs_client */;

--
-- Dumping data for table `estatusrecurso`
--

LOCK TABLES `estatusrecurso` WRITE;
/*!40000 ALTER TABLE `estatusrecurso` DISABLE KEYS */;
INSERT INTO `estatusrecurso` VALUES (1,'Asignado'),(2,'Disponible'),(3,'En Revisión'),(4,'Donado'),(5,'Vendido'),(6,'Cancelada');
/*!40000 ALTER TABLE `estatusrecurso` ENABLE KEYS */;
UNLOCK TABLES;

--
-- Table structure for table `historico`
--

DROP TABLE IF EXISTS `historico`;
/*!40101 SET @saved_cs_client     = @@character_set_client */;
/*!50503 SET character_set_client = utf8mb4 */;
CREATE TABLE `historico` (
  `id_historico` int NOT NULL AUTO_INCREMENT,
  `nombre_equipo` varchar(45) DEFAULT NULL,
  `marca` varchar(45) DEFAULT NULL,
  `modelo` varchar(45) DEFAULT NULL,
  `modelo_equipo_cmd` varchar(45) DEFAULT NULL,
  `numero_serie` varchar(23) DEFAULT NULL,
  `numero_serie_cmd` varchar(23) DEFAULT NULL,
  `procesador` varchar(33) DEFAULT NULL,
  `ram` int DEFAULT NULL,
  `disco_duro` varchar(18) DEFAULT NULL,
  `tipo_computadora` varchar(45) DEFAULT NULL,
  `fecha_fabricacion` date DEFAULT NULL,
  `nombre_sistema_operativo` varchar(40) DEFAULT NULL,
  `tipo_sistema_operativo` varchar(7) DEFAULT NULL,
  `direccion_mac` varchar(17) DEFAULT NULL,
  `mequipo_id_equipo` int NOT NULL,
  PRIMARY KEY (`id_historico`),
  UNIQUE KEY `id_equipo_UNIQUE` (`id_historico`),
  KEY `fk_Historico_mequipo1_idx` (`mequipo_id_equipo`),
  CONSTRAINT `fk_Historico_mequipo1` FOREIGN KEY (`mequipo_id_equipo`) REFERENCES `mequipo` (`id_equipo`)
) ENGINE=InnoDB AUTO_INCREMENT=1 DEFAULT CHARSET=utf8;
/*!40101 SET character_set_client = @saved_cs_client */;

--
-- Dumping data for table `historico`
--

LOCK TABLES `historico` WRITE;
/*!40000 ALTER TABLE `historico` DISABLE KEYS */;
/*!40000 ALTER TABLE `historico` ENABLE KEYS */;
UNLOCK TABLES;

--
-- Table structure for table `mequipo`
--

DROP TABLE IF EXISTS `mequipo`;
/*!40101 SET @saved_cs_client     = @@character_set_client */;
/*!50503 SET character_set_client = utf8mb4 */;
CREATE TABLE `mequipo` (
  `id_equipo` int NOT NULL AUTO_INCREMENT,
  `nombre_equipo` varchar(45) DEFAULT NULL,
  `marca` varchar(45) DEFAULT NULL,
  `modelo` varchar(45) DEFAULT NULL,
  `modelo_equipo_cmd` varchar(45) DEFAULT NULL,
  `numero_serie` varchar(23) DEFAULT NULL,
  `numero_serie_cmd` varchar(23) DEFAULT NULL,
  `procesador` varchar(33) DEFAULT NULL,
  `ram` int DEFAULT NULL,
  `disco_duro` varchar(18) DEFAULT NULL,
  `cuenta_usuario` varchar(45) DEFAULT NULL,
  `cuenta_usuario_contraseña` varchar(45) DEFAULT NULL,
  `tipo_computadora` varchar(45) DEFAULT NULL,
  `fecha_fabricacion` date DEFAULT NULL,
  `nombre_sistema_operativo` varchar(40) DEFAULT NULL,
  `tipo_sistema_operativo` varchar(7) DEFAULT NULL,
  `direccion_mac` varchar(17) DEFAULT NULL,
  `email_gnp` varchar(45) DEFAULT NULL,
  PRIMARY KEY (`id_equipo`),
  UNIQUE KEY `id_equipo_UNIQUE` (`id_equipo`)
) ENGINE=InnoDB AUTO_INCREMENT=206 DEFAULT CHARSET=utf8;
/*!40101 SET character_set_client = @saved_cs_client */;

--
-- Dumping data for table `mequipo`
--

LOCK TABLES `mequipo` WRITE;
/*!40000 ALTER TABLE `mequipo` DISABLE KEYS */;
INSERT INTO `mequipo` VALUES (1,'DESKTOP-DE0O09L','HP','Pavilion dv4','Pavilion dv4','5CG13111YK','5CG13111YK','INTEL CORE I5',0,'300 GB','DESKTOP-DE0O09L',NULL,'LAPTOP','2011-06-08','test2','64 BITS','test3',NULL),(2,'DESKTOP-RQIMRT9','DELL','INSPIRON 3567','INSPIRON 15-3567','F57HYN2','F57HYN2','INTEL CORE I3',0,'1 TB','DESKTOP-RQIMRT9',NULL,'LAPTOP','2020-09-22','WINDOWS 10 PRO','64 BITS','aa:bb:cc:dd:ee:ff',NULL),(3,NULL,'ACER','ASPIRE V3-371','ASPIRE V3-371','NXMPFAL0044380B9046600','NXMPFAL0044380B9046600','INTEL CORE I3',0,'915 GB',NULL,NULL,'LAPTOP',NULL,'WINDOWS 10 PRO',NULL,NULL,NULL),(4,NULL,'APPLE',NULL,'A1567',NULL,'DMPRF188G5YL','/',0,'/',NULL,'/','IPAD',NULL,'WINDOWS 8.1',NULL,NULL,NULL),(5,'Samsung-PC','SAMSUNG','NP900X4D','NP900X4D','JE76919D700005X','JE76919D700005X','INTEL CORE I5',0,'100 GB','Samsung-PC',NULL,'LAPTOP','2008-07-05','/','64 BITS',NULL,NULL),(6,'KABEC06','HP','PROBOOK 4510s','PROBOOK P4510S','CNU00219WB','CNU00219WB','INTEL CORE 2 DUO',0,NULL,'KABEC06',NULL,'LAPTOP','2010-10-01','WINDOWS 8.1 SINGLE LANGUAGE',NULL,NULL,NULL),(7,'KABEC7','SAMSUNG','NP270E5E','NP270E5E','JE6E91ND600140T','JE6E91ND600140','INTEL CORE I5',0,'673 GB','KABEC7',NULL,'LAPTOP','2014-08-28',NULL,'64 BITS',NULL,NULL),(8,'Samsung-PC','SAMSUNG','NP300V4AH','NP300V4AH','HLGN93VBA00015B','HLGN93VBA00015B','INTEL CORE I7',0,'698 GB','Samsung-PC',NULL,'LAPTOP','2011-10-12','WINDOWS 1O HOME SINGLE LANGUAGE','64 BITS',NULL,NULL),(9,NULL,'ACER','MS2346','MS2346','LXRSF020951420A13B2000','LXRSF020951420A13B2000','INTEL CORE I5',0,'282 GB',NULL,NULL,'LAPTOP',NULL,'WINDOWS 8.1 PRO','32 BITS',NULL,NULL),(10,'DESKTOP-AL9HO7A','TOSHIBA','Satellite L45-B','SATELLITE L45-B4182SM','2F075651S','2F075651S','INTEL CORE I5',0,'700 GB','DESKTOP-AL9HO7A',NULL,'LAPTOP','2014-11-05','WINDOWS 1O HOME SINGLE LANGUAGE','64 BITS',NULL,NULL),(11,NULL,'APPLE','IMAC','IMAC 21.5 / INCH LATE 2012','C02K9SM7DNCR','C02K9SM7DNCR','INTEL CORE I5',0,'1 TB','Skabec-13 ','kabec','ESCRITORIO','2012-01-01','WINDOWS 10 PRO','64 BITS',NULL,NULL),(12,'FCLPQA3','ACER','ASPIRE V3-471-6885','ASPIRE V3-471','NXRYLAL04324310E187600','NXRYLAL04324310E187600','INTEL CORE I5',0,'930 GB','FCLPQA3',NULL,'LAPTOP','2012-10-25','MAC OS SIERRA 10.12.6','64 BITS',NULL,NULL),(13,NULL,'HP','HSTNN-C66C-4','Probook 6440b','CND0230TFM','CND0230TFM','INTEL CORE I5',0,'300 GB',NULL,NULL,'LAPTOP',NULL,'WINDOWS 10 PRO','32 BITS',NULL,NULL),(14,'KABEC','ACER','VERITON X4630G','VERITON X4630G','DTVLAAL003502068BC9600','DTVLAAL003502068BC9600','INTEL CORE I5',0,'1 TB','KABEC','43466','ESCRITORIO','2015-01-09',NULL,'64 BITS',NULL,NULL),(15,'EXTN_6387600','ACER','ASPIRE V3-472','ASPIRE V14 TOUCH','NXMMZAL0034352E6387600','NXMMZAL0034352E6387600','INTEL CORE I5',0,'1TB','EXTN_6387600',NULL,'LAPTOP','2017-12-03','WINDOWS 7 PROFESSIONAL','64 BITS',NULL,NULL),(16,NULL,'LENOVO','G470','G470','CB13786059','CB13786059','INTEL CORE I3',0,'500 GB',NULL,'12-lenovo-42','LAPTOP','2012-02-12','WINDOWS 8.1 PRO','64 BITS',NULL,NULL),(17,'erika-PC','LENOVO','C325','C325','QS00735735','QS00735735','AMD E-450 APU with Radeon',0,'500 GB','erika-PC',NULL,'ALL-ONE','2012-03-21','WINDOWS 7 HOME BASIC','64 BITS',NULL,NULL),(18,NULL,'GATEWAY','PAV80','PAV80','LUWWQ080011021B85F1601','LUWWQ080011021B85F1601','INTEL ATOM',0,'108 GB',NULL,NULL,'LAPTOP',NULL,'WINDOWS 8.1 PRO','32 BITS',NULL,NULL),(19,NULL,'ACER ','ASPIRE V5-571','MS2361','NXM49AL003242136992000','NXM49AL003242136992000','INTEL CORE I5',0,'353 GB',NULL,NULL,'LAPTOP',NULL,'WINDOWS 7  PROFESSIONAL','64 BITS',NULL,NULL),(20,'Acer8920-PC','ACER','Aspire 8920','Aspire 8920','LXAP50X35783402D452300','LXAP50X35783402D452300','INTEL CORE 2 DUO',0,'500 GB','Acer8920-PC',NULL,'LAPTOP',NULL,'WINDOWS 8','32 BITS',NULL,NULL),(21,'LAPTOP-JBOB8SIL','ACER','N16Q1','TRAVELMATE P249-M','NXVD4AL0077520EF117600','NXVD4AL0077520EF117600','INTEL CORE I5',0,'1 TB','LAPTOP-JBOB8SIL',NULL,'LAPTOP','2017-05-30','WINDOWS 7 PROFESSIONAL','64 BITS',NULL,NULL),(22,'KABEC22','ACER','ASPIRE V3-472','ASPIRE V14 TOUCH','NXMMZAL003430090397600','NXMMZAL003430090397600','INTEL CORE I5',0,'1 TB','KABEC22',NULL,'LAPTOP','2014-05-28','WINDOWS 10 PROFESSIONAL','64 BITS',NULL,NULL),(23,'KABEC23','ASUS','K52F Series','K52F','B4N0BC31145316B','B4N0BC31145316','INTEL CORE I3 ',0,'465 GB','KABEC23',NULL,'LAPTOP','2011-03-09','WINDOWS 8.1 SINGLE LANGUAGE','64 BITS',NULL,NULL),(24,'apple2','APPLE',NULL,'MACBOOK PRO 11.1',NULL,'C02N9PRUG3QJ','INTEL CORE I5',0,'250 GB','apple2','1234','LAPTOP','2014-06-01','WINDOWS 8.1 PRO','64 BITS',NULL,NULL),(25,'Dell-PC','DELL','Inspiron N5010','N5010','21653199469','21653199469','INTEL CORE I5',0,'297 GB','Dell-PC',NULL,'LAPTOP','2011-07-19','MAC OS HIGH SIERRA V 10.13.6','64 BITS',NULL,NULL),(26,NULL,'ASUS',NULL,'K536','C5N0AS774128227','C5N0AS774128227','INTEL CORE I5',0,'750 GB',NULL,NULL,'LAPTOP',NULL,'WINDOWS 7 PROFESSIONAL','64 BITS',NULL,NULL),(27,NULL,'LENOVO','Z40-70','20094','QB04930895','QB04930895','INTEL CORE I5',0,'698 GB',NULL,NULL,'LAPTOP',NULL,'WINDOWS 7 HOME PREMIUM','64 BITS',NULL,NULL),(28,'LAPTOP-E2FAOLSQ','ACER',NULL,'ASPIRE A515-51',NULL,'NXGP4AL003801015A53400','INTEL CORE I5',0,'1 TB','LAPTOP-E2FAOLSQ',NULL,'LAPTOP','2017-11-08','WINDOWS 7 PROFESSIONAL','64 BITS',NULL,NULL),(29,'kabec-PC','HP','Probook 4510s','Probook 4510S','CNU0020WZ2','CNU0020WZ2','INTEL CORE 2 DUO ',0,'320 GB','kabec-PC',NULL,'LAPTOP','2009-01-11','WINDOWS 10 HOME SINGLE LANGUAGE','32 BITS',NULL,NULL),(30,NULL,'GATEWAY','NV59CO2M','NV59CO2M','LXWRJ0200811121B0A1601','LXWRJ0200811121B0A1601','INTEL CORE I5',0,'320 GB',NULL,NULL,'LAPTOP',NULL,'WINDOWS 7 PROFESSIONAL SP1','64 BITS',NULL,NULL),(31,'DESKTOP-SB3RGOU','ACER',NULL,'ASPIRE A315-53',NULL,'NXH2AAL0119070CECF3400','INTEL CORE I5',0,'2 TB','DESKTOP-SB3RGOU',NULL,'LAPTOP','2019-02-16','WINDOWS 7 PRO','64 BITS',NULL,NULL),(32,'ToshiKabec','TOSHIBA','SATELLITE L45-B','SATELLITE L45-B','2F078592S','2F078592S','INTEL CORE I5',0,'687 GB','ToshiKabec',NULL,'LAPTOP','2014-11-05','WINDOWS 10 HOME SINGLE LANGUAGE','64 BITS',NULL,NULL),(33,'EXTN_3NWW162','DELL','INSPIRON 5559','INSPIRON 5559','3NWW162','3NWW162','INTEL CORE I5',0,'250 GB','EXTN_3NWW162',NULL,'LAPTOP','2015-08-07','WINDOWS 8.1 SINGLE LANGUAGE','64 BITS',NULL,NULL),(34,'DESKTOP-9ST85JH','DELL','INSPIRON 3567','INSPIRON 15-3567','D47HYN2','D47HYN2','INTEL CORE I3',0,'1 TB','DESKTOP-9ST85JH',NULL,'LAPTOP','2018-01-01','WINDOWS 8.1 PRO','64 BITS',NULL,NULL),(35,'KABEC35','APPLE','A1989-Z0V7','MAC BOOK PRO 13\"','C02XR05LJHD2','C02XR05LJHD2','INTEL CORE I5',0,'256 GB','KABEC35','KBC35','LAPTOP','2018-01-01','WINDOWS 1O HOME SINGLE LANGUAGE','64 BITS',NULL,NULL),(36,'EXTN_DB56600','ACER','ASPIRE 4752 -MS2347','ASPIRE 4752','NXRSPAL0052050ADB56600','NXRSPAL0052050ADB56600','INTEL CORE I5',0,'750 GB','EXTN_DB56600',NULL,'LAPTOP','2011-12-05','MAC OS MOJAVE 10.14.1','64 BITS',NULL,NULL),(37,NULL,'APPLE','IMAC','IMAC 21.5 / INCH LATE 2015',NULL,'C02NQ1X2F8J2','INTEL CORE I5',0,'1 TB',NULL,NULL,'ESCRITORIO','2011-07-01','WINDOWS 10 PRO','64 BITS',NULL,NULL),(38,'Acer-PC','ACER','ASPIRE 4752 -6864','ASPIRE 4752 -MS2347','NXRSPAL0052050AE906600','NXRSPAL0052050AE906600','INTEL CORE I5',0,'500 GB','Acer-PC',NULL,'LAPTOP','2012-04-02','OS X YOSEMITE V 10.10.4','64 BITS',NULL,NULL),(39,'KABEC39','GATEWAY','NV420E','NV42','LXWFB010029400E93A2500','LXWFB010029400E93A2500','AMD Athlon DualCore',0,'300 GB','KABEC39',NULL,'LAPTOP','2009-09-01','WINDOWS 10 PRO','64 BITS',NULL,NULL),(40,'kabec-PC','DELL','INSPIRON 5420','INSPIRON 5420','46CVCT1','46CVCT1','INTEL CORE I5',0,'931 GB','kabec-PC',NULL,'LAPTOP',NULL,'WINDOWS 8.1 PRO','64 BITS',NULL,NULL),(41,'EXTM_BFC1601','GATEWAY ','NV59C-V1.20','NV59C','LXWRJ0200811121BFC1601','LXWRJ0200811121BFC1601','INTEL CORE I5',0,'750 GB','EXTM_BFC1601',NULL,'LAPTOP','2011-02-08','WINDOWS 7 PROFESSIONAL','32 BITS',NULL,NULL),(42,'DESKTOP-CRFP08K','ASUS','A43E','K43E','C6N0BC20227624G','C6N0BC20227624G','INTEL CORE I5',0,'700 GB','DESKTOP-CRFP08K',NULL,'LAPTOP','2012-06-01','WINDOWS 7 PROFESSIONAL SP1','64 BITS',NULL,NULL),(43,'Acer-PC','ACER','ASPIRE 4752-6864','ASPIRE 4752','NXRSPAL0052050AE496600','NXRSPAL0052050AE496600','INTEL CORE I5',0,'700 GB','Acer-PC',NULL,'LAPTOP','2012-04-02','WINDOWS 10 HOME SINGLE LANGUAGE','64 BITS',NULL,NULL),(44,'DellKbci7','DELL','P39F /15-5548','P39F /15-5548','5DBHW32','5DBHW32','INTEL CORE I7',0,'1 TB','DellKbci7',NULL,'LAPTOP','2015-10-12','WINDOWS 7 PROFESSIONAL','64 BITS',NULL,NULL),(45,'kabecAcer31-PC','ACER','ASPIRE S3','ASPIRE S3','LXRSF0209514306F1B2000','LXRSF0209514306F812000','INTEL CORE I5',0,'282 GB','kabecAcer31-PC',NULL,'LAPTOP','2012-02-20','WINDOWS 8.1 SINGLE LANGUAGE','64 BITS',NULL,NULL),(46,'DESKTOP-BFPLI5T','ASUS','A54C','A54C','C5N0AS771408228','C5N0AS771408228','INTEL CORE I3',0,'698 GB','DESKTOP-BFPLI5T',NULL,'LAPTOP','2012-04-18','WINDOWS 7 HOME PREMIUM SP1','64 BITS',NULL,NULL),(47,NULL,'APPLE',NULL,'MAC BOOK ',NULL,'C02LW0FYFH00','INTEL CORE I5',0,'280 GB',NULL,NULL,'LAPTOP','2008-02-13','WINDOWS 10 PROFESSIONAL','64 BITS',NULL,NULL),(48,'KABEC48','SAMSUNG','NP-R440L','NP-R440L','ZYR093DB200242D','ZYR093DB200242','INTEL CORE I5',0,'465 GB','KABEC48',NULL,'LAPTOP','2010-05-25','OS X EL CAPITAN V 10.11.6','32 BITS',NULL,NULL),(49,'KABEC49-PC','TOSHIBA ','PSLU7U-006TM1','Satellite Pro L500',NULL,'1A354047Q','INTEL CORE I3 ',0,'298 GB','KABEC49-PC',NULL,'LAPTOP','2010-04-13','WINDOWS 7 PROFESSIONAL SP1','32 BITS',NULL,NULL),(50,'ASUS','ASUS','A43E','A43E','C6N0BC202223245','C6N0BC202223245','INTEL CORE I5 ',0,'465 GB','ASUS',NULL,'LAPTOP','2012-03-08','WINDOWS 7 PROFESSIONAL','64 BITS',NULL,NULL),(51,NULL,'ACER','Aspire 4752','Aspire 4752','NXRSPAL0052050AEA26600','NXRSPAL0052050AEA26600','INTEL CORE I5',0,'750 GB',NULL,NULL,'LAPTOP',NULL,'WINDOWS 8.1 PRO','64 BITS',NULL,NULL),(52,'kabec','ACER','ASPIRE XC-605','ASPIRE XC-605','DTSRPAL020508A0AA33000','DTSRPAL020508A0AA33000','INTEL CORE I3',0,'1 TB','kabec',NULL,'ESCRITORIO','2014-08-07','WINDOWS 10 HOME ','64 BITS',NULL,NULL),(53,'EXTN_A877600','ACER','ASPIRE V3-471-6886','ASPIRE V3-471','NXRYLAL04324310A877600','NXRYLAL04324310A877600','INTEL CORE I5 ',0,'698 GB','EXTN_A877600','2020','LAPTOP','2012-09-06','WINDOWS 8.1 SINGLE LANGUAGE','64 BITS',NULL,NULL),(54,'Counter','GATEWAY','NE56R','NE56R','NXY14AL0022521127A3400','NXY14AL0022521127A3400','INTEL CORE I3',0,'281 GB','Counter',NULL,'LAPTOP','2012-12-28','WINDOWS 1O HOME SINGLE LANGUAGE','64 BITS',NULL,NULL),(55,'AcerE14','ACER','ASPIRE E5-473','ASPIRE E5473','NXMXRAL014524087803400','NXMXRAL014524087803400','INTEL CORE I5',0,'1 TB','AcerE14',NULL,'LAPTOP','2015-08-07','WINDOWS 8.1 SINGLE LANGUAGE','64 BITS',NULL,NULL),(56,'apple18','APPLE','MAC BOOK PRO 13 PULGADAS','MAC BOOK PRO 13\"','FVFWW8RDHV29','FVFWW8RDHV29','INTEL CORE I5',0,'256 GB','apple18','MAC2018','LAPTOP','2018-01-01','WINDOWS 10 PROFESSIONAL','64 BITS',NULL,NULL),(57,'KABEC57-PC','DELL','INSPIRON5520','INSPIRON5520','CM5FJV1','CM5FJV1','INTEL CORE I7',0,'264 GB','KABEC57-PC',NULL,'LAPTOP','2012-10-03','MAC OS HIGH SIERRA','64 BITS',NULL,NULL),(58,'DESKTOP-B05M0R6','ACER','Aspire M5-481T','ASPIRE M5-481T','NXM26AL018303111AE7644','NXM26AL018303111AE7644','INTEL CORE I5',0,'500 GB','DESKTOP-B05M0R6',NULL,'LAPTOP','2013-01-02','WINDOWS 7 PROFESSIONAL SP1','64 BITS',NULL,NULL),(59,'Lenovo Kbc','LENOVO','F0AU','F0AU00DSAR','S100EHTK','S100EHTK','INTEL CORE I5',0,'2 TB','Lenovo Kbc','1','ALL-ONE','2015-03-19','WINDOWS 1O HOME SINGLE LANGUAGE','64 BITS',NULL,NULL),(60,'Dell','DELL','Inspiron 5448','INSPIRON 14-5448','1T53J22','1T53J22','INTEL CORE I5',0,'923 GB','Dell',NULL,'LAPTOP','2015-05-15','WINDOWS 8.1 PRO','64 BITS',NULL,NULL),(61,'KABEC61','DELL','E6410','LATITUDE E6410','7R4K2M1','7R4K2M1','INTEL CORE I5',0,'300 GB','KABEC61',NULL,'LAPTOP','2010-08-10','WINDOWS 8.1 SINGLE LANGUAGE','32 BITS',NULL,NULL),(62,NULL,'GATEWAY','MS2285','MS2285','LXWGD02030946B05232200','LXWGD02030946B05232200','AMD TURION ULTRA DUAL CORE',0,'500 GB',NULL,NULL,'LAPTOP',NULL,'WINDOWS 7 PROFESSIONAL',NULL,NULL,NULL),(63,NULL,'LENOVO','G-485 20136','G-485 20136','C818359626','C818359626','AMD E2-1800 APU ',0,'890 GB',NULL,NULL,'LAPTOP',NULL,'WINDOWS 7 PROFESSIONAL','64 BITS',NULL,NULL),(64,'DESKTOP-JHOLM0G','HP','HP PAVILION NOTEBOOK','HP PAVILION NOTEBOOK','5CD6479RXN','5CD6479RXN','INTEL CORE I5',0,'750 GB','DESKTOP-JHOLM0G',NULL,'LAPTOP','2016-09-21','WINDOWS 7 PROFESSIONAL','64 BITS',NULL,NULL),(65,'LAPTOP-FJ19QJ4J','ACER',NULL,'ASPIRE A 515-51',NULL,'NXH3FAL00682702FD43400','INTEL CORE I5',0,'2 TB','LAPTOP-FJ19QJ4J',NULL,'LAPTOP','2018-07-05','WINDOWS 10 HOME SINGLE LANGUAGE','64 BITS',NULL,NULL),(66,'DESKTOP-7P7CQN2','LENOVO','Z40-70','Z40-70','YB04300516','YB04300516','INTEL CORE I5',0,'900 GB','DESKTOP-7P7CQN2',NULL,'LAPTOP','2013-05-14','WINDOWS 10 HOME SINGLE LANGUAGE','64 BITS',NULL,NULL),(67,'GATEWAY67','GATEWAY','NEW90','NV59C','LXWRJ020081113784B1601','LXWRJ020081113784B1601','INTEL CORE I5',0,'698 GB','GATEWAY67',NULL,'LAPTOP','2011-02-08','WINDOWS 10 HOME SINGLE LANGUAGE','64 BITS',NULL,NULL),(68,'KABEC19','DELL','3459 SERIES','INSPIRON 24','8H9Q772','8H9Q772','INTEL CORE I5',0,'1 TB','KABEC19','Mexico2018','ALL-ONE','2016-09-30','WINDOWS 1O HOME SINGLE LANGUAGE','64 BITS',NULL,NULL),(69,'GAT30AGO17','HP ','Pavilion dv4-4065la','dv4-4065la','5CG13114GT','5CG13114GT','INTEL CORE I5',0,'500 GB','GAT30AGO17',NULL,'LAPTOP','2011-06-08','WINDOWS 10 HOME SINGLE LANGUAGE','64 BITS',NULL,NULL),(70,'DellKBC','DELL','INSPIRON 5447','INSPIRON 14 5447','7PW7SZ1','7PW7SZ1','INTEL CORE I7',0,'1 TB','DellKBC','7575','LAPTOP','2014-03-20','WINDOWS 8.1 PRO','64 BITS',NULL,NULL),(71,'LAPTOP-EM6FPD22','ACER','ASPIRE F5-571','ASPIRE F15-571','NXG9ZAL0036120AA577600','NXG9ZAL0036120AA577600','INTEL CORE I5',0,'1 TB','LAPTOP-EM6FPD22',NULL,'LAPTOP','2016-02-16','WINDOWS 8.1 HOME SINGLE LANGUAGE','64 BITS',NULL,NULL),(72,'RREXTERNO','ASUS',NULL,'VIVOBOOK X510UAO',NULL,'JAN0CX05U17742F','INTEL CORE I5',0,'930 GB','RREXTERNO',NULL,'LAPTOP','2018-10-01','WINDOWS 1O HOME SINGLE LANGUAGE','64 BITS',NULL,NULL),(73,'KABEC73','APPLE','A1989','MACBOOK PRO 13\"','C02XR05KJHD2','C02XR05KJHD2','INTEL CORE I5',0,'256 GB','KABEC73','KBC73','LAPTOP','2018-01-01','WINDOWS 10 POROFESSIONAL','64 BITS',NULL,NULL),(74,NULL,'ASUS','TP301U','TP301U','Q6N0CX04A636237','Q6N0CX04A636237','INTEL CORE I3',0,'1 TB',NULL,NULL,'LAPTOP',NULL,'MAC OS MOJAVE 10.14.1',NULL,NULL,NULL),(75,'IMAC','APPLE','IMAC 21.5 / INCH LATE 2015','IMAC 21.5 / INCH LATE 2015','C02SW4Q7GG77','C02SW4Q7GG77','INTEL CORE I5',0,'1 TB','IMAC',NULL,'ESCRITORIO','2011-07-01','WINDOWS 10','64 BITS',NULL,NULL),(76,'KABEC76','APPLE','A1989','MACBOOK PRO 13\"','C02XR05HJHD2','C02XR05HJHD2','INTEL CORE I5',0,'256 GB','KABEC76','KBC76','LAPTOP','2018-01-01','MAC OS SIERRA 10.12.4','64 BITS',NULL,NULL),(77,'KABEC77','APPLE',NULL,'MACBOOK PRO 15\"',NULL,'C02XRJHJJG5H','INTEL CORE I7',0,'251 GB','KABEC77','KBC77','LAPTOP','2018-01-01','MAC OS MOJAVE 10.14.1','64BITS',NULL,NULL),(78,NULL,'GATEWAY','NEW90','NEW90','LXWRJ02008111349A51601','LXWRJ02008111349A51601','INTEL CORE I5',0,'297GB',NULL,NULL,'LAPTOP',NULL,'MAC OS MOJAVE 10.14.1',NULL,NULL,NULL),(79,'Hp-PC','HP',NULL,'PROBOOK P4510S',NULL,'CNU0020X2D','INTEL CORE 2 DUO',0,'297 GB','Hp-PC',NULL,'LAPTOP','2009-10-20','WINDOWS 7 HOME PREMIUM','32 BITS',NULL,NULL),(80,'KABEC80','APPLE','A1989','MACBOOK PRO 13\"','C02XR05JJHD2','C02XR05JJHD2','INTEL CORE I5',0,'256 GB','KABEC80','KBC80','LAPTOP','2018-01-01','WINDOWS 7 PROFESSIONAL SP1','64 BITS',NULL,NULL),(81,'KABEC81','DELL','P49G','Inspiron 14 5447','G88L302','F5YXG22','INTEL CORE I5',0,'931 GB','KABEC81',NULL,'LAPTOP','2014-05-09','MAC OS MOJAVE 10.14.1','64 BITS',NULL,NULL),(82,'DESKTOP-AAJ8B7E','LENOVO','8.00E+05','G40-80','PF0E1EL9','PF0E1EL9','INTEL CORE I5',0,'1TB','DESKTOP-AAJ8B7E',NULL,'LAPTOP','2015-07-31','WINDOWS 10 PROFESSIONAL','64 BITS',NULL,NULL),(83,'Lenovo-pc','LENOVO','Z40-70','Z40-70','YB08693803','1.0579E+12','INTEL CORE I5 ',0,'1TB','Lenovo-pc','/','LAPTOP','2013-03-14','WINDOWS 10 PRO','64 BITS',NULL,NULL),(84,'DESKTOP-NIQAQAQ','LENOVO','Z40-70','20366','YB08047388','YB08047388','INTEL CORE I7',0,'1TB','DESKTOP-NIQAQAQ',NULL,'LAPTOP','2015-06-03','WINDOWS 8.1 SINGLE LANGUAGE','64 BITS',NULL,NULL),(85,NULL,'ASUS',NULL,'1225B',NULL,'C3AA5351456','AMD-E-450APU with Radeon',0,'190GB',NULL,'/','LAPTOP',NULL,'WINDOWS 10 HOME SINGLE LANGUAGE',NULL,NULL,NULL),(86,'LAPTOP-QOQFNMDN','ACER',NULL,'ASPIRE A515-51','LXRSF020951420A13B2000','NXH3FAL006827031CE3400','INTEL CORE I5',0,'2 TB','LAPTOP-QOQFNMDN',NULL,'LAPTOP','2018-07-05','Windows 7 Professional','64 BITS',NULL,NULL),(87,'kabec-PC','HP','P4710s','PROBOOK 4710S','CNU0021H4Y','CNU0021H4Y','INTEL CORE 2 DUO ',0,'296 GB','kabec-PC',NULL,'LAPTOP',NULL,'WINDOWS 10 HOME SINGLE LANGUAGE','32 BITS',NULL,NULL),(88,'LAPTOP-JS82BD50','ASUS','B320MIBNCN43Ya','VIVOBOOK X510UAO','LUWWQ080011021B85F1601','JAN0CX05U256426','INTEL CORE I5',0,'930GB','LAPTOP-JS82BD50',NULL,'LAPTOP','2018-10-01','WINDOWS 10 HOME','64 BITS',NULL,NULL),(89,NULL,'ACER','MS2253','Aspire 5735','LXATR0X2248422D8E82000','LXATR0X2248422D8E82000','INTEL PENTIUM DUAL',0,'232GB',NULL,NULL,'LAPTOP',NULL,'WINDOW 10 PROFESSIONAL','32 BITS',NULL,NULL),(90,'KABEC90','APPLE',NULL,'MACBOOKPRO 15\"',NULL,'C02YF42UJG5H','INTEL CORE I7',0,'251 GB','KABEC90','KBC90','LAPTOP','2018-01-01','WINDOWS 7 PROFESSIONAL','64 BITS',NULL,NULL),(91,'LAPTOP-GK5T5061','ASUS',NULL,'VIVOBOOK X510UAO',NULL,'JAN0CX05U24542C','INTEL CORE I5',0,'1 TB','LAPTOP-GK5T5061',NULL,'LAPTOP','2018-10-01','MAC OS MOJAVE 10.14.3','64 BITS',NULL,NULL),(92,'KABEC92-PC','LENOVO','20136','G485','CB18359780','2.95405E+12','AMD E21800 RADEON',0,'900GB','KABEC92-PC',NULL,'LAPTOP','2019-04-24','WINDOWS 10 PROFESSIONAL','32 BITS',NULL,NULL),(93,'DELL07MAR18','DELL','Inspiron 5447','Inspiron 14-5447','C0F7K22','C0F7K22','INTEL CORE I5',0,'1 TB','DELL07MAR18',NULL,'LAPTOP','2014-05-09','WINDOWS 7 PROFESSIONAL','64 BITS',NULL,NULL),(94,'DESKTOP-88FPB43','DELL',NULL,'VOSTRO 14-3468',NULL,'GFLS4P2','INTEL CORE I5',0,'1 TB','DESKTOP-88FPB43',NULL,'LAPTOP','2019-01-01','WINDOWS 8.1 SINGLE LANGUAGE','64 BITS',NULL,NULL),(95,'LAPTOP-5KAR54IH','LENOVO',NULL,'V330-14IKB',NULL,'MP1G3D9Y','INTEL CORE I7',0,'930 GB','LAPTOP-5KAR54IH',NULL,'LAPTOP','2019-01-11','WINDOWS 10 PROFESSIONAL','64 BITS',NULL,NULL),(96,'LAPTOP-K45GAVBB','ACER',NULL,'TRAVELMATE P249-M','NXG9ZAL0036120AA577600','NXVD4AL00775220EF267600','INTEL CORE I5',0,'1 TB','LAPTOP-K45GAVBB',NULL,'LAPTOP','2017-12-28','WINDOWS 10 PROFESSIONAL','64 BITS',NULL,NULL),(97,'LAPTOP-JV4THI1A','ACER',NULL,'ASPIRE A515-51',NULL,'NXGT8AL0027340A68F3400','INTEL CORE I5',0,'930 GB','LAPTOP-JV4THI1A',NULL,'LAPTOP','2017-08-25','WINDOWS 10 PROFESSIONAL','64 BITS',NULL,NULL),(98,'LAPTOP-LRSMP0NM','ACER',NULL,'ASPIRE A 515-51',NULL,'NXGT8AL0027340A8E43400','INTEL CORE I5',0,'930 GB','LAPTOP-LRSMP0NM',NULL,'LAPTOP','2017-08-25','WINDOWS 10 HOME SINGLE LANGUAGE','64 BITS',NULL,NULL),(99,NULL,'LENOVO','G405','G405-20239',NULL,'CB29061745','AMD E1',0,NULL,NULL,NULL,'LAPTOP',NULL,'WINDOWS 10 HOME SINGLE LANGUAGE','32 BITS',NULL,NULL),(100,'DESKTOP-U73IT7S','DELL',NULL,'VOSTRO 14-3468',NULL,'6CH15P2','INTEL CORE I5',0,'1TB','DESKTOP-U73IT7S',NULL,'LAPTOP','2019-01-01',NULL,'64 BITS',NULL,NULL),(101,'DESKTOP-0FT809U','DELL',NULL,'VOSTRO 14-3468',NULL,'C8H15P2','INTEL CORE I5',0,'1TB','DESKTOP-0FT809U',NULL,'LAPTOP','2019-01-17','WINDOWS 10 PRO','64 BITS',NULL,NULL),(102,'DESKTOP-JDGH7DG','DELL','P49G001','INSPIRON 14 5447','2WY1TZ1','2WY1TZ1','INTEL CORE I7',0,'1TB','DESKTOP-JDGH7DG','kabec','LAPTOP','2014-03-20','WINDOWS 10 PRO','64 BITS',NULL,NULL),(103,'DESKTOP-7TLCG8U','DELL',NULL,'VOSTRO 14-3468',NULL,'G7H15P2','INTEL CORE I5',0,'1 TB','DESKTOP-7TLCG8U',NULL,'LAPTOP','2019-01-01','WINDOWS 10 HOME SINGLE LANGUAGE','64 BITS',NULL,NULL),(104,'LENO22NOV17','LENOVO ','80NS','LENOVO IDEAPAD 500-14ISK','MP12G584','MP12G584','INTEL CORE I7',0,'931GB','LENO22NOV17','1','LAPTOP','2016-01-07','WINDOWS 10 PROFESSIONAL','64 BITS',NULL,NULL),(105,'Lenovo PC','LENOVO','80E4     ','G40-80 PF9XB5B03115','PF9XB5B03115','PF0BTYG3','INTEL CORE I7',0,'1TB','Lenovo PC',NULL,'LAPTOP','2015-07-31','WINDOWS 8.1 PRO','64 BITS',NULL,NULL),(106,'DESKTOP-CLGHRO2','LENOVO','80SL','IDEAPAD 310-14ISK','PF0R6B5K','PF0R6B5K','INTEL CORE I7',0,'1TB','DESKTOP-CLGHRO2',NULL,'LAPTOP','2008-03-17','WINDOWS 8.1 SINGLE LANGUAGE','64 BITS',NULL,NULL),(107,'LAPTOP-JFPV1V9K','ACER','Travel Mate P249-M','TRAVELMATE P249-M','NXVD4AL007708275D67600','NXVD4AL007708275D67600','INTEL CORE I5',0,'1TB','LAPTOP-JFPV1V9K',NULL,'LAPTOP','2016-10-27','WINDOWS 10 HOME SINGLE LANGUAGE','64 BITS',NULL,NULL),(108,'LAPTOP-JOGODAJD','LENOVO',NULL,'V130-14IKB- 81HQ',NULL,'MP1HBJ0R','INTEL CORE I5',0,'250 GB','LAPTOP-JOGODAJD',NULL,'LAPTOP','2019-03-23','WINDOWS 10 PROFESSIONAL','64 BITS',NULL,NULL),(109,'LAPTOP-OEFVQIRL','ACER','TRAVEL MATE P249-M','Travel Mate P249-M','NXVD4AL007708275867600','NXVD4AL007708275867600','INTEL CORE I5',0,'1 TB','LAPTOP-OEFVQIRL',NULL,'LAPTOP','2017-02-27','WINDOWS 10 PROFESSIONAL','64 BITS',NULL,NULL),(110,'LAPTOP-M0ORECLL','LENOVO  ','IDEAPAD','310-141SK','SPF0R6B3Q','PF0R6B3Q','INTEL CORE I7',0,'1TB','LAPTOP-M0ORECLL',NULL,'LAPTOP','2016-09-16','WINDOWS 10 PROFESSIONAL','64 BITS',NULL,NULL),(111,'KABEC111','SAMSUNG','NP600B4B','600B','HGSG91CC800083','HQSG91CC800083','INTEL CORE I5',0,'250 GB','KABEC111',NULL,'LAPTOP','2012-02-22','WINDOWS 10 HOME SINGLE LANGUAGE','64 BITS',NULL,NULL),(112,'LAPTOP-2E1TU66J','ACER','Acer Travel Mate P259-M','TRAVELMATE P259-M','NXVDCAL01170824B427600','NXVDCAL01170824B427600','INTEL CORE I5',0,'1TB','LAPTOP-2E1TU66J',NULL,'LAPTOP','2016-11-23','WINDOWS 8.1 PRO','64 BITS',NULL,NULL),(113,'LAPTOP-F4PJAHLH','LENOVO',NULL,'V130-14IKB- 81HQ',NULL,'MP1HBHP6','INTEL CORE I5',0,'250 GB','LAPTOP-F4PJAHLH',NULL,'LAPTOP','2019-03-23','WINDOWS 10 PROFESSIONAL','64 BITS',NULL,NULL),(114,'LAPTOP-RAELG1PS','ACER','N16Q2','TRAVEL MATE P259-M','NXVDCAL01170824B1B7600','NXVDCAL01170824B1B7600','INTEL CORE I 5',0,'1TB','LAPTOP-RAELG1PS',NULL,'LAPTOP','2016-11-23','WINDOWS 10 PROFESSIONAL','64 BITS',NULL,NULL),(115,NULL,'DELL','Inspiron 15-5000','INSPIRON 15-5000','BDB4K22','BDB4K22','INTEL CORE I5',0,'1TB',NULL,NULL,'LAPTOP','2017-09-11','WINDOWS 10 PROFESSIONAL','64 BITS',NULL,NULL),(116,'ACER29JUL17','ACER','N16P5','SWIFT SP314-51','NXGKBAL01165103F7E7200','NXGKBAL01165103F7E7200','INTEL CORE I5',0,'237GB','ACER29JUL17','kabec12345','LAPTOP','2016-11-30','WINDOWS 10 HOME SINGLE LANGUAGE','64 BITS',NULL,NULL),(117,'KABEC117','ACER','N16Q1','ASPIRE E14 E5-475','NXQCUAL0096371ECD27600','NXGCUAL0096371ECD27600','INTEL CORE I3',0,'1TB','KABEC117',NULL,'LAPTOP','2016-08-02','WINDOWS 10 HOME SINGLE LANGUAGE','64 BITS',NULL,NULL),(118,'LAPTOP-AAMPCLA1','ACER','Aspire E5-475','ASPIRE E14 E5-475','NXGCUAL0096371ED7C7600','NXGCUAL0096371ED7C7600','INTEL CORE I3',0,'1TB','LAPTOP-AAMPCLA1','Kabec2018','LAPTOP','2014-08-12','WINDOWS 10 HOME SINGLE LANGUAGE','64 BITS',NULL,NULL),(119,'ACER09AGO17','ACER','Aspire E5-475','ASPIRE E14 E5-475 ','NXGCUAL0227090279B7600','NXGCUAL0227090279B7600','INTEL CORE I3',0,'1TB','ACER09AGO17',NULL,'LAPTOP','2017-03-01','WINDOWS 10 PROFESSIONAL','64 BITS',NULL,NULL),(120,'LAPTOP-2QQSNBFK','ACER',NULL,'ASPIRE A515-52',NULL,'NXH89AL017916019473400','INTEL CORE I5',0,'1 TB','LAPTOP-2QQSNBFK',NULL,'LAPTOP','2019-04-16','WINDOWS 1O HOME SINGLE LANGUAGE','64 BITS',NULL,NULL),(121,'EXTN_BYXPK22','DELL','P39F','INSPIRON 5548','PYXPK22','BYXPK22','INTEL CORE I5',0,'1TB','EXTN_BYXPK22',NULL,'LAPTOP','2016-10-27','WINDOWS 10 PROFESSIONAL','64 BITS',NULL,NULL),(122,'LAPTOP-M0BPDLLS','ACER','N16Q2','ASPIRE E15 E5-575','NXGE6AL0197120A3FC7600','NXGE6AL0197120A3FC7600','INTEL CORE I5',0,'1TB','LAPTOP-M0BPDLLS',NULL,'LAPTOP','2017-03-03','WINDOWS 8.1 PROFESSIONAL','64 BITS',NULL,NULL),(123,'LAPTOP-2MN567LV','ACER','N16Q2','TRAVEL MATE P259-M','NXVDCAL01170824B577600','NXVDCAL01170824B577600','INTEL CORE I5',0,'1TB','LAPTOP-2MN567LV',NULL,'LAPTOP','2017-02-25','WINDOWS 10 HOME SINGLE LANGUAGE','64 BITS',NULL,NULL),(124,'DESKTOP-NJ671P0','DELL','INSPIRON 14-3467','INSPIRON 14- 3467','7W5Y0F2','7W5Y0F2','INTEL CORE I5',0,'1TB','DESKTOP-NJ671P0','43313','LAPTOP','2017-07-10','WINDOWS 10 PROFESSIONAL','64 BITS',NULL,NULL),(125,'DESKTOP-PVGHKM0','HP ',NULL,'PROLIANT ML110 G6',NULL,'MX21400051','INTEL XEON',0,'231 GB','DESKTOP-PVGHKM0',NULL,'PC','2011-08-26','WINDOWS 10 HOME SINGLE LANGUAGE','64 BITS',NULL,NULL),(126,'LAPTOP-8EJPLGFJ','ACER','Aspire E5-475','ASPIRE E14 E5-475','NXGKVAL00163606AFE7600','NXGKVAL00163606AFE7600','INTEL CORE I3',0,'1TB','LAPTOP-8EJPLGFJ',NULL,'LAPTOP','2016-08-02','WINDOWS 10 PROFESSIONAL','64 BITS',NULL,NULL),(127,'Diana','ACER','TRAVEL MATE P249','TRAVEL MATE P249-M','NXVD4AL007708275B47600','NXVD4AL007708275B47600','INTEL CORE I5',0,'1TB','Diana',NULL,'LAPTOP','2016-10-27','WINDOWS 10 HOME SINGLE LANGUAGE','64 BITS',NULL,NULL),(128,'LAPTOP-MTD2OU18','ACER','N16Q1','TRAVEL MATE P249-M','NXVD4AL007708274CC7600','NXVD4AL007708274CC7600','INTEL CORE I5 ',0,'1TB','LAPTOP-MTD2OU18',NULL,'LAPTOP','2017-07-07','WINDOWS 10 PROFESSIONAL','64 BITS',NULL,NULL),(129,'LAPTOP-KUGICPQD','ACER','N16Q2','TRAVEL MATE P259-M','NXVDCAL01170824B707600','NXVDCAL01170824B707600','INTEL CORE I5 ',0,'1TB','LAPTOP-KUGICPQD',NULL,'LAPTOP','2017-07-07','WINDOWS 10 PROFESSIONAL','64 BITS',NULL,NULL),(130,'LAPTOP-PUIUH865H','ACER','ASPIRE E5-575','ASPIRE E15 E5-575','NXGE6AL019712101C67600','NXGE6AL019712101C67600','INTEL CORE I5',0,'1TB','LAPTOP-PUIUH865H',NULL,'LAPTOP','2017-03-03','WINDOWS 10 PROFESSIONAL','64 BITS',NULL,NULL),(131,'CAJAEXT10','ACER','ASPIRE E5-575','ASPIRE E15 E5-575','NXGE6AL0197121021C7600','NXGE6AL0197121021C7600','INTEL CORE I5',0,'1TB','CAJAEXT10',NULL,'LAPTOP','2017-03-23','WINDOWS 10 HOME SINGLE LANGUAGE','64 BITS',NULL,NULL),(132,'DESKTOP-0IFU037','ASUS','X541UAK','X541UAK','GCN0CV15Y04351G','GCN0CV15Y04351G','INTEL CORE I5 ',0,'1TB','DESKTOP-0IFU037',NULL,'LAPTOP','2016-10-19','WINDOWS 10 HOME SINGLE LANGUAGE','64 BITS',NULL,NULL),(133,NULL,'TOSHIBA','PSLCIU-00VRL3','SATELLITE Pro L300D','Y8052798Q','Y8052798Q','AMD TURION',0,'232GB',NULL,NULL,'LAPTOP','2008-09-16','WINDOWS 10 HOME SINGLE LANGUAGE','32 BITS',NULL,NULL),(134,'LAPTOP-5NBP9KV0','ACER','E5-475 SERIES','ASPIRE E14 E5-475','NXGCUAL0267121EC3B7600','NXGCUAL0267121EC3B7600','INTEL CORE I5',0,'1TB+128GB','LAPTOP-5NBP9KV0','kabec12345','LAPTOP','2016-10-27','WINDOWS 7 PROFESSIONAL SP1','64 BITS',NULL,NULL),(135,'LAPTOP-JS9VHR72','ACER','Aspire E5-475-52-XI','ASPIRE E14 E5-475','NXGCUAL0267121EC567600','NXGCUAL0267121EC567600','INTEL CORE I5',0,'1TB+128GB SSD','LAPTOP-JS9VHR72',NULL,'LAPTOP','2016-10-27','WINDOWS 10 HOME SINGLE LANGUAGE','64 BITS',NULL,NULL),(136,'LAPTOP-RQQNIR1D','ACER','Aspire E5-475','ASPIRE E14 E5-475','NXGCWAL011710279127600','NXGCWAL011710279127600','INTEL CORE I5',0,'1TB+128GB SSD','LAPTOP-RQQNIR1D',NULL,'LAPTOP','2016-10-17','WINDOWS 10 HOME SINGLE LANGUAGE','64 BITS',NULL,NULL),(137,NULL,'ASUS','GL753VD-GC060T','GL753VD-GC060T','H7N0CV06E51328A','H7N0CV06E51328A','INTEL CORE I 7',0,'1TB',NULL,NULL,'LAPTOP','2017-03-06','WINDOWS 10 HOME SINGLE LANGUAGE','64 BITS',NULL,NULL),(138,'DESKTOP-KQFUTON','DELL','INSPIRON 14-3467','INSPIRON 14- 3467','360XRJ2','360XRJ2','INTEL CORE I5',0,'1TB','DESKTOP-KQFUTON',NULL,'LAPTOP','2017-07-10','WINDOWS 10 HOME SINGLE LANGUAGE','64 BITS',NULL,NULL),(139,'DESKTOP-2LA2JKI','DELL','INSPIRON 14-3467','INSPIRON 14- 3467','160XRJ2','160XRJ2','INTEL CORE I5',0,'1TB','DESKTOP-2LA2JKI',NULL,'LAPTOP','2017-07-10','WINDOWS 10 HOME SINGLE LANGUAGE','64 BITS',NULL,NULL),(140,'LAPTOP-7A7JBD5H','ACER','N1602','ASPIRE E14 E5-475','NXGE1AL0027032AE1F7600','NXGE1AL0027032AE1F7600','INTEL CORE I5',0,'1TB','LAPTOP-7A7JBD5H','r0dr1g0','LAPTOP','2016-12-13','WINDOWS 10 HOME SINGLE LANGUAGE','64 BITS',NULL,NULL),(141,'LAPTOP-7PFGV8V3','ACER','N16Q1','ASPIRE E14 E5-475','NXGCWAL011710278A57600','NXGCWAL011710278A57600','INTEL CORE I5',0,'1TB + 128GB','LAPTOP-7PFGV8V3','12345678','LAPTOP','2016-10-27','WINDOWS 10 HOME SINGLE LANGUAGE','64 BITS',NULL,NULL),(142,'DESKTOP-D931QMF','ASUS','X541UAK','X541UAK','H4N0CX09X565169','H4N0CX09X565169','INTEL CORE I5',0,'1 TB','DESKTOP-D931QMF',NULL,'LAPTOP','2017-03-30','WINDOWS 10 HOME SINGLE LANGUAGE','64 BITS',NULL,NULL),(143,'LAPTOP-0DA8VP7S','ACER','N17C4','APIRE A515-51','NXGT8AL0027340A75B3400','NXGT8AL0027340A75B3400','INTEL CORE I5',0,'1TB','LAPTOP-0DA8VP7S','Edgar551322','LAPTOP','2017-06-15','WINDOWS 1O HOME SINGLE LANGUAGE','64 BITS',NULL,NULL),(144,'LAPTOP-IQBRBQQ9','ACER','N17C4','APIRE A515-51','NXGT8AL0027340A72D3400','NXGT8AL0027340A72D3400','INTEL CORE I5',0,'1TB','LAPTOP-IQBRBQQ9','Oskar2o18j','LAPTOP','2017-06-15','WINDOWS 10 HOME SINGLE LANGUAGE','64 BITS',NULL,NULL),(145,'LAPTOP-4QVQIOS4','ACER','E5-475','ASPIRE E14 E5-475','NXGCWAL011710279257600','NXGCWAL011710279257600','INTEL CORE I5',0,'1 TB+128 GB','LAPTOP-4QVQIOS4',NULL,'LAPTOP','2017-03-31','WINDOWS 10 HOME SINGLE LANGUAGE','64 BITS',NULL,NULL),(146,'EXTN_13111YK','LENOVO','Ideapad 110','IDEAPAD 110-14ISK-80UC','MP19LYLT','MP19LYLT','INTEL CORE I3',0,'500 GB','EXTN_13111YK','kabec123','LAPTOP','2018-03-29','WINDOWS 10 HOME SINGLE LANGUAGE','64 BITS',NULL,NULL),(147,'RH-PC','TOSHIBA','PSLCIU-00VRL3','SATELLITE Pro L300D','Y8052229Q','Y8052229Q','AMD TURION',0,'464GB','RH-PC',NULL,'LAPTOP','2008-09-16','WINDOWS 10 PRO','64 BITS',NULL,NULL),(148,'DESKTOP-6A1LCPH','ASUS','X541UAK','X541UAK','H5N0CX03P01418C','H5N0CX03P01418C','INTEL CORE I5',0,'930 GB','DESKTOP-6A1LCPH',NULL,'LAPTOP','2017-03-30','WINDOWS 7 PROFESSIONAL SP1','64 BITS',NULL,NULL),(149,'LAPTOP-TSAVPPI4','ACER','Aspire A515-51-51NZ','ASPIRE A515-51','NXGT8AL0027340A7723400','NXGT8AL0027340A7723400','INTEL CORE I5',0,'930GB','LAPTOP-TSAVPPI4',NULL,'LAPTOP','2017-06-15','WINDOWS 1O PRO','64 BITS',NULL,NULL),(150,'ACER02ABRIL18','ACER','Aspire A515-51-51NZ','ASPIRE A515-51','NXGT8AL0027340A7DF3400','NXGT8AL0027340A7DF3400','INTEL CORE I5',0,'1TB','ACER02ABRIL18',NULL,'LAPTOP','2017-06-15','WINDOWS 10 HOME SINGLE LANGUAGE','64 BITS',NULL,NULL),(151,'Kabec','ACER','Veriton VM680G','Veriton VM680G-50258','PS00826795105001E30100','PS00826795105001E30100','INTEL CORE I5',0,'2 TB','Kabec','kabec12345','ESCRITORIO','2016-12-29','WINDOWS 1O HOME SINGLE LANGUAGE','64 BITS',NULL,NULL),(152,'KABEC152','TOSHIBA','SATELLITE Pro L500-SP6018M','PSLU7U-006M1','1A429815Q','1A429815Q','INTEL CORE I3 ',0,'298 GB','KABEC152',NULL,'LAPTOP','2009-11-26','UBUNTU 16.04 LTS','32 BITS',NULL,NULL),(153,'UHEXTERNO2','ACER','N16Q1','TRAVELMATE P249-M','NXVD4AL009804155EC7600','NXVD4AL009804155EC7600','INTEL CORE I7',0,'930 GB','UHEXTERNO2',NULL,'LAPTOP','2017-09-22','WINDOWS 7 PROFESSIONAL','64 BITS',NULL,NULL),(154,'DESKTOP-98NEVOU','DELL','Inspiron 3268','Inspiron 3268','J8XQ8N2','J8XQ8N2','INTEL CORE I5',0,'917 GB','DESKTOP-98NEVOU',NULL,'ESCRITORIO','2017-07-19','WINDOWS 10 PROFESSIONAL','64 BITS',NULL,NULL),(155,'MCEXTERNO2','ACER','N16Q1','TRAVELMATE P249-M','NXVD4AL009804156107600','NXVD4AL009804156107600','INTEL CORE I7',0,'930 GB','MCEXTERNO2',NULL,'LAPTOP','2018-09-19','WINDOWS 10 HOME SINGLE LANGUAGE','64 BITS',NULL,NULL),(156,'LAPTOP-50MGL8OC','ACER','TRAVELMATE P249-M','TRAVELMATE P249-M','NXVD4AL009804156037600','NXVD4AL009804156037600','INTEL CORE I7',0,'1TB','LAPTOP-50MGL8OC',NULL,'LAPTOP','2017-05-30','WINDOWS 10 PROFESSIONAL','64 BITS',NULL,NULL),(157,'LAPTOP-U0KTE5Q0','ACER','N17C4','ASPIRE A515-51','NXGT8AL00173501EDE3400','NXGT8AL00173501EDE3400','INTEL CORE I5',0,'1TB','LAPTOP-U0KTE5Q0','Jun10#98O6O7','LAPTOP','2017-08-28','WINDOWS 10 PROFESSIONAL','64 BITS',NULL,NULL),(158,'LAPTOP-UM7B8JSQ','ACER','N17C4','ASPIRE A515-51','NXGT8AL001803051D03400','NXGT8AL001803051D03400','INTEL CORE I5',0,'1TB','LAPTOP-UM7B8JSQ',NULL,'LAPTOP','2018-01-17','WINDOWS 10 HOME SINGLE LANGUAGE','64 BITS',NULL,NULL),(159,'LAPTOP-N8F49UMC','ACER','N17C4','ASPIRE A515-51','NXGT8AL001803046AB3400','NXGT8AL001803046AB3400','INTEL CORE I5',0,'1TB','LAPTOP-N8F49UMC',NULL,'LAPTOP','2018-01-17','WINDOWS 1O HOME SINGLE LANGUAGE','64 BITS',NULL,NULL),(160,'DESKTOP-HGE4EA6','ACER','VERITON X2640G-MI17','VERITON X2640G','DTVPUAL00771701F0C9600','DTVPUAL00771701F0C9600','INTEL CORE I7',0,'2TB','DESKTOP-HGE4EA6','kabec12345','ESCRITORIO','2017-04-26','WINDOWS 1O HOME SINGLE LANGUAGE','64 BITS',NULL,NULL),(161,NULL,'HP PROLIANT','VERITON VM4630G-S1544X','VERITON M4630G','DTVHHAL00650204CA29600','2M2221000H','XEON',0,'500 GB',NULL,'kabec12345','ESCRITORIO','2017-04-02','WINDOWS 10 PRO','64 BITS',NULL,NULL),(162,'LAPTOP-JTQ3A4RK','ACER','N16Q1','TRAVELMATE P249-M','NXVD4AL0077520EEFF7600','NXVD4AL0077520EEFF7600','INTEL CORE I5',0,'1TB','LAPTOP-JTQ3A4RK',NULL,'LAPTOP','2017-05-30','CENTOS 7','64 BITS',NULL,NULL),(163,'LAPTOP-E1HOMLCG','ACER','ASPIRE 5','ASPIRE A515-51','NXGT8AL0027340A5753400','NXGT8AL0027340A5753400','INTEL CORE I5',0,'1 TB','LAPTOP-E1HOMLCG',NULL,'LAPTOP','2017-08-25','WINDOWS 10 PRO','64 BITS',NULL,NULL),(164,'LAPTOP-V9JNP5IL','ASUS',NULL,'VIVOBOOK X505ZA_A505ZA',NULL,'K1N0CX07Z548027','AMD RAIZEN 7',0,'1 TB','LAPTOP-V9JNP5IL',NULL,'LAPTOP','2019-01-01','WINDOWS 10 HOME SINGLE LANGUAGE','64 BITS',NULL,NULL),(165,'LAPTOP-16PKQPGL','ASUS',NULL,'VIVOBOOK X505ZA_A505ZA',NULL,'K1N0CX07Z470027','AMD RAIZEN 7',0,'1 TB','LAPTOP-16PKQPGL',NULL,'LAPTOP','2019-01-01','WINDOWS 10 PROFESSIONAL','64 BITS',NULL,NULL),(166,'LAPTOP-L5F1TNGP','ACER',NULL,'ASPIRE A515-52',NULL,'NXH89AL0159080C0BE3400','INTEL CORE I5',0,'1 TB + 120 SSD','LAPTOP-L5F1TNGP',NULL,'LAPTOP','2019-02-22','WINDOWS 10 PROFESSIONAL','64 BITS',NULL,NULL),(167,'LAPTOP-OEC0VJOV','ACER',NULL,'ASPIRE A515-52',NULL,'NXH89AL0159080BE2E3400','INTEL CORE I5',0,'1 TB + 120 SSD','LAPTOP-OEC0VJOV',NULL,'LAPTOP','2019-02-22','WINDOWS 10 HOME SINGLE LANGUAGE','64 BITS',NULL,NULL),(168,'LAPTOP-Q32MT8FR','ASUS',NULL,'VIVOBOOK X505ZA_A505ZA',NULL,'K1N0CX06L112026','AMD RAIZEN 7',0,'1 TB + 120 SSD','LAPTOP-Q32MT8FR',NULL,'LAPTOP','2019-01-01','WINDOWS 10 HOME SINGLE LANGUAGE','64 BITS',NULL,NULL),(169,'LAPTOP-0QLOL00P','ASUS',NULL,'VIVOBOOK X505ZA_A505ZA',NULL,'K1N0CX06L21602B','AMD RAIZEN 7',0,'1 TB + 120 SSD','LAPTOP-0QLOL00P',NULL,'LAPTOP','2019-01-01','WINDOWS 10 PROFESSIONAL','64 BITS',NULL,NULL),(170,'LAPTOP-38LTHCHL','LENOVO',NULL,'V330-14IKB',NULL,'MP1LDYDF','INTEL CORE I5',0,'1 TB','LAPTOP-38LTHCHL',NULL,'LAPTOP','2019-06-10','WINDOWS 10 PROFESSIONAL','64 BITS',NULL,NULL),(171,'asusA505Z','ASUS',NULL,'VIVOBOOK X505ZA_A505ZA',NULL,'K1N0CX07Z627024','AMD RAIZEN 7',0,'1 TB + 120 SSD','asusA505Z',NULL,'LAPTOP','2019-01-01','WINDOWS 10 PROFESSIONAL','64 BITS',NULL,NULL),(172,'LAPTOP-OJKETHVN','ASUS',NULL,'VIVOBOOK X505ZA_A505ZA',NULL,'K1N0CX07Z58402H','AMD RAIZEN 7',0,'1 TB + 120 SSD','LAPTOP-OJKETHVN',NULL,'LAPTOP','2019-01-01','WINDOWS 10 PROFESSIONAL','64 BITS',NULL,NULL),(173,'LAPTOP-PH08ER92','ASUS',NULL,'VIVOBOOK X505ZA_A505ZA',NULL,'K1N0CX07Z59802D','AMD RAIZEN 7',0,'1 TB + 120 SSD','LAPTOP-PH08ER92',NULL,'LAPTOP','2019-01-01','WINDOWS 10 PROFESSIONAL','64 BITS',NULL,NULL),(174,'LAPTOP-LHGGPD9E','LENOVO',NULL,'V330-14IKB',NULL,'MP1M9W3F','INTEL CORE I7',0,'1 TB','LAPTOP-LHGGPD9E',NULL,'LAPTOP','2019-02-08','WINDOWS 10 PROFESSIONAL','64 BITS',NULL,NULL),(175,'LAPTOP-TPQ1EIIT','LENOVO',NULL,'IDEAPAD S340-14IWL',NULL,'MP1K36JA','INTEL CORE I7',0,'1 TB + 120 SSD','LAPTOP-TPQ1EIIT',NULL,'LAPTOP','2019-02-05','WINDOWS 10 PROFESSIONAL','64 BITS',NULL,NULL),(176,'LAPTOP-SBIHP447','ACER',NULL,'TRAVELMATE P449-G2-M',NULL,'NXVEFAL004719004117200','INTEL CORE I5',0,'1 TB + 120 SSD','LAPTOP-SBIHP447',NULL,'LAPTOP','2016-12-27','WINDOWS 10 HOME SINGLE LANGUAGE','64 BITS',NULL,NULL),(177,'DESKTOP-7GOTA4B','DELL',NULL,'INSPIRON 13 7000',NULL,'H41GMT2','INTEL CORE I7',0,'415 GB','DESKTOP-7GOTA4B',NULL,'LAPTOP','2019-06-20','WINDOWS 10 PROFESSIONAL','64 BITS',NULL,NULL),(178,'DESKTOP-1KC260U','DELL',NULL,'INSPIRON 13 7000',NULL,'G51GMT2','INTEL CORE I7',0,'415 GB','DESKTOP-1KC260U',NULL,'LAPTOP','2019-06-20','WINDOWS 10 HOME SINGLE LANGUAGE','64 BITS',NULL,NULL),(179,'LAPTOP-RUA2B5BH','LENOVO',NULL,'81MV',NULL,'PF1S1D8A','INTEL CORE I5',0,'1 TB + 256 SSD','LAPTOP-RUA2B5BH',NULL,'LAPTOP','2019-05-31','WINDOWS 10 HOME SINGLE LANGUAGE','64 BITS',NULL,NULL),(180,'LAPTOP-1I5VIH8T','ASUS',NULL,'VivoBook_ASUSLaptop X430FA_S430FA',NULL,'JCN0CX108035517','INTEL CORE I5',0,'930 GB','LAPTOP-1I5VIH8T',NULL,'LAPTOP','2018-10-29','WINDOWS 10 PROFESSIONAL','64 BITS',NULL,NULL),(181,'LAPTOP-O1EG6I4F','LENOVO',NULL,'81MV',NULL,'PF1S1EB9','INTEL CORE i5',0,'1TB + 258 SSD','LAPTOP-O1EG6I4F',NULL,'LAPTOP','2019-05-31','WINDOWS 10 PROFESSIONAL','64 BITS',NULL,NULL),(182,'LAPTOP-0UCD0C4N','ACER',NULL,'TRAVELMATE P449-G2-M',NULL,'NXVEFAL004719004B67200','INTEL CORE I5',0,'1 TB','LAPTOP-0UCD0C4N',NULL,'LAPTOP','2016-12-27','WINDOWS 10 PROFESSIONAL','64BITS',NULL,NULL),(183,'LAPTOP-0JTGBELP','ASUS',NULL,'VIVOBOOK X505ZA_A505ZA',NULL,'K1N0CX07Z630025','AMD RAIZEN 7',0,'1 TB','LAPTOP-0JTGBELP',NULL,'LAPTOP','2019-05-21','WINDOWS 10 PROFESSIONAL','64BITS',NULL,NULL),(184,'LAPTOP-ILAE7QU1','ASUS',NULL,'VivoBook_ASUSLaptop X512FB_X512FB',NULL,'K8N0CV04K28932C','INTEL CORE I5',0,'1 TB','LAPTOP-ILAE7QU1',NULL,'LAPTOP','2019-05-10','WINDOWS 10 PROFESSIONAL','64BITS',NULL,NULL),(185,'LAPTOP-RASI5BDN','LENOVO',NULL,'81B0',NULL,'MP1LDWP5','INTEL CORE I5',0,'1 TB','LAPTOP-RASI5BDN',NULL,'LAPTOP','2019-01-11','WINDOWS 10 HOME SINGLE LANGUAGE','64BITS',NULL,NULL),(186,'LAPTOP-LLT7UM9F','LENOVO',NULL,'81MV',NULL,'PF1S15A0','INTEL CORE I5',0,'1 TB + 256 SSD','LAPTOP-LLT7UM9F',NULL,'LAPTOP','2019-05-31','WINDOWS 10 PROFESSIONAL','64 BITS',NULL,NULL),(187,'DESKTOP-49HBI7B','DELL',NULL,'VOSTRO 3490',NULL,'43C3P03','INTEL CORE I5',0,'1 TB','DESKTOP-49HBI7B',NULL,'LAPTOP','2019-12-11','WINDOWS 10 HOME SINGLE LANGUAGE','65 BITS',NULL,NULL),(188,'LAPTOP-EJNFOS72','ASUS',NULL,'VivoBook_ASUSLaptop X509FA_A509FB',NULL,'K7N0CX11K0170318','INTEL CORE I5',0,'1 TB','LAPTOP-EJNFOS72',NULL,'LAPTOP','2019-04-30','WINDOWS 10 PROFESSIONAL','64 BITS',NULL,NULL),(189,'DESKTOP-RS7GET4','DELL',NULL,'P89G VOSTRO 3490',NULL,'3NM3P03','INTEL CORE I5',0,'1 TB','DESKTOP-RS7GET4',NULL,'LAPTOP','2019-12-11','WINDOWS 10 PROFESSIONAL','64 BITS',NULL,NULL),(190,NULL,'ASUS',NULL,'ROG STRIX 9560NGW',NULL,'K5NRCV05U28822F','INTEL CORE I7',0,'1 TB + 255 SSD',NULL,NULL,'LAPTOP',NULL,'WINDOWS 10 PROFESSIONAL','64 BITS',NULL,NULL),(191,'LAPTOP-A53EVON0','ASUS',NULL,'VivoBook_ASUSLaptop X509FA_A509FA',NULL,'K7N0CX11K08631B','INTEL CORE I5',0,'1 TB','LAPTOP-A53EVON0',NULL,'LAPTOP','2019-04-30','WINDOWS 10 PROFESSIONAL','64BITS',NULL,NULL),(192,NULL,'ACER',NULL,'ASPIRE A515-51',NULL,'NXH3FAL002820076123400','INTEL CORE I3',0,'1 TB',NULL,NULL,NULL,NULL,'WINDOWS 10 PROFESSIONAL','64 BITS',NULL,NULL),(193,'EliteBook','HP','EliteBook','EliteBook','123456789','123456789','core i7 ',16,'500 GB SSD','Roberto',NULL,'Laptop','2020-09-01','Windows 10','64 bits','AA:BB:CC:DD:FF',''),(194,'test','test4','test9','test10','test5','test6','tes7',16,'test8','test2',NULL,'Laptop','2020-09-10','windows 7','64 bits','aa:bb:cc:dd:ff',''),(195,'test','test','test','tes','test','tes','test',10,'test','test','qwerty','LAPTOP','2020-09-10','test','test','test',''),(196,'test','test5','test','test','tets','test','test',12,'test','test2','test4','Laptop','2020-09-09','test','test','test',''),(197,'test noti','acer','uno','uno','123123123','cdcd','intel',12,'300 GB','roberto','roberto','LAPTOP','2020-09-08','windows 10','64 bits','AA:BB:CC:DD:EE',''),(198,'test noti 2','asdad','sddsdf','sdsd','sdas','dfsdf','sdfsdf',15,'sdasd','asdas','sddasd','LAPTOP','2020-09-18','sdasd','sdsd','dfsdfs',''),(199,'acer','acer','ASPIRE','ASPIRE','12345acer','123456acer','core i5',6,'500 GB','acer','asdasd','LAPTOP','2010-01-01','windows 7','64 Bits','aa:bb:cc:dd:ee',''),(200,'sdasd','sddad','sdasd','sddsf','sdsd','sdfsf','sdfsdf',16,'sdfsdf','asdasd','asdad','LAPTOP','2020-09-01','sdas','asda','asdasd',''),(201,'asqweqwe','kññl','ñlkñlk','lñlkñl','jkjkl','kñlñl','klñkñl',11,'ñlkl','sdas','cdcs','LAPTOP','2020-09-01','iouio','iiouok','m,m,m,',''),(202,'qwe','zxcsd','xfsf','vxv','zdad','sdf','sdfsd',45,'xzc','asda','zxcz','ESCRITORIO','2020-09-01','hjkh','vbn','hkhk',''),(203,'ro','asdas','sdasd','asdasd','asdasd','asdad','asdas',125,'aasdd','asd','','LAPTOP','2020-09-21','sdsda','asda','asdasd',''),(204,'XCZXCzzxcZ','SS','XCVX','XCSDF','SAS','DSD','SDSD',334,'SDAD','SDASD','','ESCRITORIO','2020-09-21','SADASD','ASDASD','WERR',''),(205,'sadas','asda','SDASD','CZXCS','dasd','sdaax','XASD',123,'ASD','sasd','','ESCRITORIO','2020-09-21','ASDAD','SDASD','CASD','');
/*!40000 ALTER TABLE `mequipo` ENABLE KEYS */;
UNLOCK TABLES;

--
-- Table structure for table `musuario`
--

DROP TABLE IF EXISTS `musuario`;
/*!40101 SET @saved_cs_client     = @@character_set_client */;
/*!50503 SET character_set_client = utf8mb4 */;
CREATE TABLE `musuario` (
  `id_usuario` int NOT NULL AUTO_INCREMENT,
  `nombres` varchar(45) NOT NULL,
  `apellido_p` varchar(45) NOT NULL,
  `apellido_m` varchar(45) NOT NULL,
  `correo` varchar(45) NOT NULL,
  `contraseña` varchar(45) NOT NULL,
  `fecha_creacion` date NOT NULL,
  `id_rol` int NOT NULL,
  PRIMARY KEY (`id_usuario`),
  UNIQUE KEY `id_usuario_UNIQUE` (`id_usuario`),
  KEY `fk_MUsuario_Roles1_idx` (`id_rol`),
  CONSTRAINT `id_rol` FOREIGN KEY (`id_rol`) REFERENCES `roles` (`id_rol`) ON DELETE CASCADE ON UPDATE CASCADE
) ENGINE=InnoDB AUTO_INCREMENT=19 DEFAULT CHARSET=utf8;
/*!40101 SET character_set_client = @saved_cs_client */;

--
-- Dumping data for table `musuario`
--

LOCK TABLES `musuario` WRITE;
/*!40000 ALTER TABLE `musuario` DISABLE KEYS */;
INSERT INTO `musuario` VALUES (9,'Roberto','Martinez','Sandoval','correo1@gmail.com','1234566','2020-02-10',3),(10,'Oscar','Bautista','Rodriguez','correo2@gmail.com','qwewert','2020-02-10',3),(11,'Juan','Vazquez','R','correo3@gmail.com','asddgf','2020-02-10',3),(12,'Ricardo','Martinez','Sandoval','correo1@gmail.com','1234566','2020-09-22',3),(18,'Juan','Vazques','Mendez','soportekabec@mail.com','2020','2020-09-24',3);
/*!40000 ALTER TABLE `musuario` ENABLE KEYS */;
UNLOCK TABLES;

--
-- Table structure for table `responsiva`
--

DROP TABLE IF EXISTS `responsiva`;
/*!40101 SET @saved_cs_client     = @@character_set_client */;
/*!50503 SET character_set_client = utf8mb4 */;
CREATE TABLE `responsiva` (
  `id_responsiva` int NOT NULL AUTO_INCREMENT,
  `estatus_responsiva` tinyint NOT NULL,
  `fecha_responsiva` date NOT NULL,
  `id_asignacion` int NOT NULL,
  PRIMARY KEY (`id_responsiva`),
  UNIQUE KEY `id_responsiva_UNIQUE` (`id_responsiva`),
  KEY `fk_Responsiva_Asignacion1_idx` (`id_asignacion`),
  CONSTRAINT `id_asignacion` FOREIGN KEY (`id_asignacion`) REFERENCES `asignacion` (`id_asignacion`) ON DELETE CASCADE ON UPDATE CASCADE
) ENGINE=InnoDB AUTO_INCREMENT=2 DEFAULT CHARSET=utf8;
/*!40101 SET character_set_client = @saved_cs_client */;

--
-- Dumping data for table `responsiva`
--

LOCK TABLES `responsiva` WRITE;
/*!40000 ALTER TABLE `responsiva` DISABLE KEYS */;
/*!40000 ALTER TABLE `responsiva` ENABLE KEYS */;
UNLOCK TABLES;

--
-- Table structure for table `roles`
--

DROP TABLE IF EXISTS `roles`;
/*!40101 SET @saved_cs_client     = @@character_set_client */;
/*!50503 SET character_set_client = utf8mb4 */;
CREATE TABLE `roles` (
  `id_rol` int NOT NULL AUTO_INCREMENT,
  `rol` varchar(45) NOT NULL,
  PRIMARY KEY (`id_rol`),
  UNIQUE KEY `id_rol_UNIQUE` (`id_rol`)
) ENGINE=InnoDB AUTO_INCREMENT=6 DEFAULT CHARSET=utf8;
/*!40101 SET character_set_client = @saved_cs_client */;

--
-- Dumping data for table `roles`
--

LOCK TABLES `roles` WRITE;
/*!40000 ALTER TABLE `roles` DISABLE KEYS */;
INSERT INTO `roles` VALUES (1,'Admin'),(2,'Operador'),(3,'Consultor');
/*!40000 ALTER TABLE `roles` ENABLE KEYS */;
UNLOCK TABLES;

--
-- Table structure for table `software`
--

DROP TABLE IF EXISTS `software`;
/*!40101 SET @saved_cs_client     = @@character_set_client */;
/*!50503 SET character_set_client = utf8mb4 */;
CREATE TABLE `software` (
  `id_software` int NOT NULL AUTO_INCREMENT,
  `no_serie` varchar(29) DEFAULT NULL,
  `fecha_licencia` date DEFAULT NULL,
  `nombre_software` varchar(45) NOT NULL,
  PRIMARY KEY (`id_software`)
) ENGINE=InnoDB AUTO_INCREMENT=2 DEFAULT CHARSET=utf8;
/*!40101 SET character_set_client = @saved_cs_client */;

--
-- Dumping data for table `software`
--

LOCK TABLES `software` WRITE;
/*!40000 ALTER TABLE `software` DISABLE KEYS */;
INSERT INTO `software` VALUES (1,NULL,NULL,'Office 2013');
/*!40000 ALTER TABLE `software` ENABLE KEYS */;
UNLOCK TABLES;
/*!40103 SET TIME_ZONE=@OLD_TIME_ZONE */;

/*!40101 SET SQL_MODE=@OLD_SQL_MODE */;
/*!40014 SET FOREIGN_KEY_CHECKS=@OLD_FOREIGN_KEY_CHECKS */;
/*!40014 SET UNIQUE_CHECKS=@OLD_UNIQUE_CHECKS */;
/*!40101 SET CHARACTER_SET_CLIENT=@OLD_CHARACTER_SET_CLIENT */;
/*!40101 SET CHARACTER_SET_RESULTS=@OLD_CHARACTER_SET_RESULTS */;
/*!40101 SET COLLATION_CONNECTION=@OLD_COLLATION_CONNECTION */;
/*!40111 SET SQL_NOTES=@OLD_SQL_NOTES */;

-- Dump completed on 2020-09-30 12:10:00
